Channel Id,Channel Url,Channel Title
UC-86w3Ym3OjgyrJPQkEGOdA,http://www.youtube.com/channel/UC-86w3Ym3OjgyrJPQkEGOdA,GmanModz
UC-A2WBfHTnWkhNvehNo-MaA,http://www.youtube.com/channel/UC-A2WBfHTnWkhNvehNo-MaA,Tyrecordslol
UC-CBSBRP82j2t5PQ3M33CVw,http://www.youtube.com/channel/UC-CBSBRP82j2t5PQ3M33CVw,Firefox
UC-GlTnztwtiZlI1pxdn0ooQ,http://www.youtube.com/channel/UC-GlTnztwtiZlI1pxdn0ooQ,The SpongeBob SquarePants Movie Rehydrated
UC-KiQd9mv8Mxlatql5hcoqA,http://www.youtube.com/channel/UC-KiQd9mv8Mxlatql5hcoqA,xoZero
UC-OO324clObi3H-U0bP77dw,http://www.youtube.com/channel/UC-OO324clObi3H-U0bP77dw,SnoopDoggTV
UC-RwkVQcUPAKt_PyYZVgI1g,http://www.youtube.com/channel/UC-RwkVQcUPAKt_PyYZVgI1g,knsplash
UC-hOof8hD-mK_8tDYEOWWXQ,http://www.youtube.com/channel/UC-hOof8hD-mK_8tDYEOWWXQ,MrAjae_Shorts
UC-kDX_ZvjzY_GECcKmJ9FPA,http://www.youtube.com/channel/UC-kDX_ZvjzY_GECcKmJ9FPA,Jon Bringus
UC-lHJZR3Gqxm24_Vd_AJ5Yw,http://www.youtube.com/channel/UC-lHJZR3Gqxm24_Vd_AJ5Yw,PewDiePie
UC-mP1nlk0qOutA08zuQHORA,http://www.youtube.com/channel/UC-mP1nlk0qOutA08zuQHORA,Patrick Cc:
UC-nR_EkzAIGG9JywsXKfrqw,http://www.youtube.com/channel/UC-nR_EkzAIGG9JywsXKfrqw,GoatedTylerTheCreator
UC-pariAxZlINnspVJEAy2Zw,http://www.youtube.com/channel/UC-pariAxZlINnspVJEAy2Zw,RapTV
UC-qXLdZROhKbBP7_1vBHFhA,http://www.youtube.com/channel/UC-qXLdZROhKbBP7_1vBHFhA,The Gentle Men
UC-teOaKQu7eK-3FpS4ehhhw,http://www.youtube.com/channel/UC-teOaKQu7eK-3FpS4ehhhw,Foodies
UC03O2HjwBat2bc0ZNmiuu2Q,http://www.youtube.com/channel/UC03O2HjwBat2bc0ZNmiuu2Q,Mr V's Garage
UC09J9FgZJVNeJdKiGZ6pvBg,http://www.youtube.com/channel/UC09J9FgZJVNeJdKiGZ6pvBg,tufft 
UC0E7B92To-iaPgiXEf-LE7A,http://www.youtube.com/channel/UC0E7B92To-iaPgiXEf-LE7A,Non Stop Cara FM
UC0GLNhtTu7yI8rl6ZZGeezw,http://www.youtube.com/channel/UC0GLNhtTu7yI8rl6ZZGeezw,TheOdd2sOut
UC0H01HhWBaONW_TzaSq0Z7w,http://www.youtube.com/channel/UC0H01HhWBaONW_TzaSq0Z7w,RealjN
UC0KAFLxIiaR_FFNYDL3utGw,http://www.youtube.com/channel/UC0KAFLxIiaR_FFNYDL3utGw,ASAPROCKYUPTOWN
UC0KHZ5fenxT7CH2kjy9j4nw,http://www.youtube.com/channel/UC0KHZ5fenxT7CH2kjy9j4nw,Teedle
UC0L0PDO9kUS46JC1wEjLEbg,http://www.youtube.com/channel/UC0L0PDO9kUS46JC1wEjLEbg,Stones Throw
UC0Q-ieLTxqyf7p5MRAsvcfg,http://www.youtube.com/channel/UC0Q-ieLTxqyf7p5MRAsvcfg,Space Age Snacks
UC0VEk7EL2_ohSGKdz1foigg,http://www.youtube.com/channel/UC0VEk7EL2_ohSGKdz1foigg,Bobo & Lulu
UC0WP5P-ufpRfjbNrmOWwLBQ,http://www.youtube.com/channel/UC0WP5P-ufpRfjbNrmOWwLBQ,The Weeknd
UC0WaQep2Z8eGLNX-Z6I4uNA,http://www.youtube.com/channel/UC0WaQep2Z8eGLNX-Z6I4uNA,Cristian Torres
UC0g5su35qqjwnM9ISIPZu7g,http://www.youtube.com/channel/UC0g5su35qqjwnM9ISIPZu7g,WozniakNewsTV
UC0vBXGSyV14uvJ4hECDOl0Q,http://www.youtube.com/channel/UC0vBXGSyV14uvJ4hECDOl0Q,Techquickie
UC0wzU1tbTiZAgeIxQ__ZUtw,http://www.youtube.com/channel/UC0wzU1tbTiZAgeIxQ__ZUtw,DefendPTR
UC11PvrGPzo6Y7Zc6-e9cAKg,http://www.youtube.com/channel/UC11PvrGPzo6Y7Zc6-e9cAKg,DramaAlert
UC14oQ42xP6JnPvO_4GVq6yQ,http://www.youtube.com/channel/UC14oQ42xP6JnPvO_4GVq6yQ,YourBoySponge
UC1Aha9aLmlkIbBN-iAttBzw,http://www.youtube.com/channel/UC1Aha9aLmlkIbBN-iAttBzw,Max Verstappen
UC1D3yD4wlPMico0dss264XA,http://www.youtube.com/channel/UC1D3yD4wlPMico0dss264XA,NileBlue
UC1UbX6IQrZfL42v1YqN_qsw,http://www.youtube.com/channel/UC1UbX6IQrZfL42v1YqN_qsw,Doktor Skipper
UC1h7snADIz0_Ir2Va2Ui8iA,http://www.youtube.com/channel/UC1h7snADIz0_Ir2Va2Ui8iA,Jawbreaker Juice
UC1kFilTL-VyPXuMpcHxBLHw,http://www.youtube.com/channel/UC1kFilTL-VyPXuMpcHxBLHw,JayBoyModz
UC1l8_AtyskpHP-weVx47POg,http://www.youtube.com/channel/UC1l8_AtyskpHP-weVx47POg,Carlos Sainz
UC1qobUV5RkqaahCxQBeNkgA,http://www.youtube.com/channel/UC1qobUV5RkqaahCxQBeNkgA,MeTalkOverGames
UC20LoHy2mX0LQODrkUalxVQ,http://www.youtube.com/channel/UC20LoHy2mX0LQODrkUalxVQ,Donald Glover
UC23P0g2Vt4o6qt5dglgOGKQ,http://www.youtube.com/channel/UC23P0g2Vt4o6qt5dglgOGKQ,Daniel Ricciardo
UC2G_qtiRHAji6JQP9uCsGfQ,http://www.youtube.com/channel/UC2G_qtiRHAji6JQP9uCsGfQ,Jah Talks Music
UC2XIdC1gBNNXsH7iFdEaX-A,http://www.youtube.com/channel/UC2XIdC1gBNNXsH7iFdEaX-A,Valtteri Bottas
UC2_ZUXs5oDv9Crj3f72j9Yw,http://www.youtube.com/channel/UC2_ZUXs5oDv9Crj3f72j9Yw,Nice Peter
UC2ehvhAcMB332Bl7DoUiWAw,http://www.youtube.com/channel/UC2ehvhAcMB332Bl7DoUiWAw,NutsPlayGames
UC2hm5rD_IrfYRMfq5YQudgA,http://www.youtube.com/channel/UC2hm5rD_IrfYRMfq5YQudgA,Haminations
UC2iyG4YeRhCi54dJuHvdSjw,http://www.youtube.com/channel/UC2iyG4YeRhCi54dJuHvdSjw,Larry
UC2mP7il3YV7TxM_3m6U0bwA,http://www.youtube.com/channel/UC2mP7il3YV7TxM_3m6U0bwA,jschlattLIVE
UC377Ly3wIMc0_yY36IrQfMg,http://www.youtube.com/channel/UC377Ly3wIMc0_yY36IrQfMg,histheme 
UC3GYM6umHrXyKFbKIeyE82A,http://www.youtube.com/channel/UC3GYM6umHrXyKFbKIeyE82A,"Hello Mr JackSucksAtLife, I Have Made This Username Longer Than JacksEpicYoutubeChannelFullOfFunTimesAndFunHiRickX This User Name Is Going To Be 450 Characters Long So Yes It Will Be Very Very Very Long And Did I Mention It Is Longer Than Your Channel Called JacksEpicYoutubeChannelFullOfFunTimesAndFunHiRickX Oh Wait I Just Remembered I Did Well Anyways I Will Make This Long By Spamming TurdBoi So Lets Do That TurdBoiTurdBoiTurdBoiTurdBoiTurdBoiii"
UC3_D-qGl_rCQ8_dmnSRHEOg,http://www.youtube.com/channel/UC3_D-qGl_rCQ8_dmnSRHEOg,Rich Black Talks
UC3amErNMb-MgYCw0C3uuAPA,http://www.youtube.com/channel/UC3amErNMb-MgYCw0C3uuAPA,eternaliam
UC3iNdSV_RQU7DHTGpqEW96w,http://www.youtube.com/channel/UC3iNdSV_RQU7DHTGpqEW96w,wilfur
UC3lBXcrKFnFAFkfVk5WuKcQ,http://www.youtube.com/channel/UC3lBXcrKFnFAFkfVk5WuKcQ,Kendrick Lamar
UC3qO7p27N3TOR-wue3OwxGQ,http://www.youtube.com/channel/UC3qO7p27N3TOR-wue3OwxGQ,sciencecraft
UC3r2fHMP1OXoKt-FBgwVnOA,http://www.youtube.com/channel/UC3r2fHMP1OXoKt-FBgwVnOA,Acai
UC3scOAITY_R7hLU4B7_rONg,http://www.youtube.com/channel/UC3scOAITY_R7hLU4B7_rONg,Presidents Play
UC3sznuotAs2ohg_U__Jzj_Q,http://www.youtube.com/channel/UC3sznuotAs2ohg_U__Jzj_Q,The Film Theorists
UC4-2vzDsx6SMQ4-5BeSryqw,http://www.youtube.com/channel/UC4-2vzDsx6SMQ4-5BeSryqw,RSK
UC4-79UOlP48-QNGgCko5p2g,http://www.youtube.com/channel/UC4-79UOlP48-QNGgCko5p2g,MrBeast 2
UC4KWYlW-B2oqxc36TH_RcXw,http://www.youtube.com/channel/UC4KWYlW-B2oqxc36TH_RcXw,SenyaiGrubs
UC4PQqjGczpgmqbpicKjkwvw,http://www.youtube.com/channel/UC4PQqjGczpgmqbpicKjkwvw,Druski
UC4PooiX37Pld1T8J5SYT-SQ,http://www.youtube.com/channel/UC4PooiX37Pld1T8J5SYT-SQ,Good Mythical Morning
UC4QobU6STFB0P71PMvOGN5A,http://www.youtube.com/channel/UC4QobU6STFB0P71PMvOGN5A,jawed
UC4RTOT3mJ21lviRCd8NNMhQ,http://www.youtube.com/channel/UC4RTOT3mJ21lviRCd8NNMhQ,Karadio
UC4RzWmN1PJ4CjnxagIAQOAA,http://www.youtube.com/channel/UC4RzWmN1PJ4CjnxagIAQOAA,Cohen Thompson
UC4Z8mPYjn6Dhr6n531YDh0Q,http://www.youtube.com/channel/UC4Z8mPYjn6Dhr6n531YDh0Q,UFD Tech
UC4jBoEBDEhWuDIYBAOaZ-9Q,http://www.youtube.com/channel/UC4jBoEBDEhWuDIYBAOaZ-9Q,KingScienceShorts
UC4lFImiWm-vpWaEcwfotXSA,http://www.youtube.com/channel/UC4lFImiWm-vpWaEcwfotXSA,St. Pius X Catholic Church San Antonio TX
UC4m1l1G3tpb4C1EiljBLI3A,http://www.youtube.com/channel/UC4m1l1G3tpb4C1EiljBLI3A,Joe
UC4mLlRa_dezwvytudo9s1sw,http://www.youtube.com/channel/UC4mLlRa_dezwvytudo9s1sw,Deestroying
UC4mvIQntW-fX27Ez-U-KDHw,http://www.youtube.com/channel/UC4mvIQntW-fX27Ez-U-KDHw,Luke Correia
UC4rqhyiTs7XyuODcECvuiiQ,http://www.youtube.com/channel/UC4rqhyiTs7XyuODcECvuiiQ,Scott The Woz
UC4taSodn3ll8iULPmxfxLyQ,http://www.youtube.com/channel/UC4taSodn3ll8iULPmxfxLyQ,NERD
UC4z8nBfrXuWWx3noqd1I5Xw,http://www.youtube.com/channel/UC4z8nBfrXuWWx3noqd1I5Xw,raxdflipnote
UC5NrPdGm3XhawUQ9RMqzLzg,http://www.youtube.com/channel/UC5NrPdGm3XhawUQ9RMqzLzg,Quit The Build
UC5oMpJJ5poXbBgABWwnuW5w,http://www.youtube.com/channel/UC5oMpJJ5poXbBgABWwnuW5w,RoyalProtoM
UC5qYZ2itofIxfIpt3VimUaQ,http://www.youtube.com/channel/UC5qYZ2itofIxfIpt3VimUaQ,DanNoSkill
UC5ywBAXO4F4CoJGlfVIg9kw,http://www.youtube.com/channel/UC5ywBAXO4F4CoJGlfVIg9kw,Hobo Bros
UC60g7m5hWDG431XXTZd58gg,http://www.youtube.com/channel/UC60g7m5hWDG431XXTZd58gg,Jaron
UC652oRUvX1onwrrZ8ADJRPw,http://www.youtube.com/channel/UC652oRUvX1onwrrZ8ADJRPw,Playboi Carti
UC68DIXWCmetC8N5J_Kc5gjQ,http://www.youtube.com/channel/UC68DIXWCmetC8N5J_Kc5gjQ,Don't Subscribe
UC68fF7KHl6Os3JsIa7Mh4rg,http://www.youtube.com/channel/UC68fF7KHl6Os3JsIa7Mh4rg,Huggbees: Gamer Mode
UC69MU28YBDWCLe6mLoSErVg,http://www.youtube.com/channel/UC69MU28YBDWCLe6mLoSErVg,Rumble Pack
UC6Ii2PPnHDkjLTJJQgOw7sQ,http://www.youtube.com/channel/UC6Ii2PPnHDkjLTJJQgOw7sQ,Jeaney Collects
UC6M7JgV6I5D6-xTOXmtB0hg,http://www.youtube.com/channel/UC6M7JgV6I5D6-xTOXmtB0hg,Hullsome
UC6VcWc1rAoWdBCM0JxrRQ3A,http://www.youtube.com/channel/UC6VcWc1rAoWdBCM0JxrRQ3A,Rockstar Games
UC6ZOc0UE43B8tey3NVmh3pw,http://www.youtube.com/channel/UC6ZOc0UE43B8tey3NVmh3pw,GLITCH SHORTS
UC6a670-cHogNxe4QBfCSkFg,http://www.youtube.com/channel/UC6a670-cHogNxe4QBfCSkFg,DVNTY
UC6nSFpj9HTCZ5t-N3Rm3-HA,http://www.youtube.com/channel/UC6nSFpj9HTCZ5t-N3Rm3-HA,Vsauce
UC6qrG3W8SMK0jior2olka3g,http://www.youtube.com/channel/UC6qrG3W8SMK0jior2olka3g,EarthCam
UC6uZzgoiYRCBNe3cJp7ZFBA,http://www.youtube.com/channel/UC6uZzgoiYRCBNe3cJp7ZFBA,floydbishop
UC6w14A0VqI0Hb24Jtl5TM9A,http://www.youtube.com/channel/UC6w14A0VqI0Hb24Jtl5TM9A,Not Applicable
UC6xOAHgx30I_fbvW2jcC04Q,http://www.youtube.com/channel/UC6xOAHgx30I_fbvW2jcC04Q,‡∑¥ ≤·µò‚Å±·∂ú·µâ·µÉ‚Åø·µàÀ£À£À£·µò‚Åø ≥·µâÀ°·µâ·µÉÀ¢·µâ·µà‡∑¥
UC78xVcXbZwxM19rtYudoywg,http://www.youtube.com/channel/UC78xVcXbZwxM19rtYudoywg,The Animated Legend
UC7CxchrET6AiP5duRIPDv9g,http://www.youtube.com/channel/UC7CxchrET6AiP5duRIPDv9g,Restream.io
UC7Gf2tZ8coTX2ckTPgn62iQ,http://www.youtube.com/channel/UC7Gf2tZ8coTX2ckTPgn62iQ,Disney Kids
UC7HiPCtTwr1hu7qNPrqOYtQ,http://www.youtube.com/channel/UC7HiPCtTwr1hu7qNPrqOYtQ,The Marshmallow Co.
UC7Jwj9fkrf1adN4fMmTkpug,http://www.youtube.com/channel/UC7Jwj9fkrf1adN4fMmTkpug,DankPods
UC7K0ffkuU8ZGkbGqLxIoHHg,http://www.youtube.com/channel/UC7K0ffkuU8ZGkbGqLxIoHHg,Ai Sponge (Hosting)
UC7LJSq2EkTUhHiNjpXg22mg,http://www.youtube.com/channel/UC7LJSq2EkTUhHiNjpXg22mg,yikes
UC7R27sAWc_DqOldtI1JcYhQ,http://www.youtube.com/channel/UC7R27sAWc_DqOldtI1JcYhQ,South Park Studios
UC7TWpIQx6Fli7muezhzdv0Q,http://www.youtube.com/channel/UC7TWpIQx6Fli7muezhzdv0Q,Jake Paul
UC7Ucs42FZy3uYzjrqzOIHsw,http://www.youtube.com/channel/UC7Ucs42FZy3uYzjrqzOIHsw,EmpLemon
UC7ZI3TfebzaiOaXIkEx5IzA,http://www.youtube.com/channel/UC7ZI3TfebzaiOaXIkEx5IzA,Studio 31 Media Archive
UC7mBaS1IQthcnee1YGJtlyw,http://www.youtube.com/channel/UC7mBaS1IQthcnee1YGJtlyw,no name brands
UC7mdW-qhZ8rpW-muPZENhMQ,http://www.youtube.com/channel/UC7mdW-qhZ8rpW-muPZENhMQ,Nussys
UC7qJmPQV4pCOMA9JGpwjczg,http://www.youtube.com/channel/UC7qJmPQV4pCOMA9JGpwjczg,Saberfart
UC7tsmXazXxecm5CsFfvDL4Q,http://www.youtube.com/channel/UC7tsmXazXxecm5CsFfvDL4Q,cooper2723 vevo
UC8CsGpP6kVNrWeBVmlJ2UyA,http://www.youtube.com/channel/UC8CsGpP6kVNrWeBVmlJ2UyA,Huggbees
UC8DIU56jF1ev5c6ubG_2IEQ,http://www.youtube.com/channel/UC8DIU56jF1ev5c6ubG_2IEQ,Near
UC8E1TMZpY4_dYxOJgnlD7-Q,http://www.youtube.com/channel/UC8E1TMZpY4_dYxOJgnlD7-Q,new account ‚àô 7.7B views ‚àô 3 seconds ago„ÄÄ„ÄÄ„ÄÄ„ÄÄ„ÄÄ„ÄÄ„ÄÄ„ÄÄ„ÄÄ„ÄÄ„ÄÄ„ÄÄ„ÄÄ„ÄÄ„ÄÄ„ÄÄ„ÄÄ„ÄÄ„ÄÄ„ÄÄ„ÄÄ„ÄÄ„ÄÄ„ÄÄ„ÄÄ„ÄÄ„ÄÄ„ÄÄ„ÄÄ„ÄÄ„ÄÄ„ÄÄ„ÄÄ„ÄÄ„ÄÄ„ÄÄ„ÄÄ„ÄÄ„ÄÄ„ÄÄ„ÄÄ„ÄÄ„ÄÄ„ÄÄ„ÄÄ„ÄÄ„ÄÄ„ÄÄ„ÄÄ„ÄÄ„ÄÄ.
UC8TGLsfKCeCdbm1S8_Ns_kQ,http://www.youtube.com/channel/UC8TGLsfKCeCdbm1S8_Ns_kQ,Contendo
UC8Uev6z9yMEuBFBzhFxhEZw,http://www.youtube.com/channel/UC8Uev6z9yMEuBFBzhFxhEZw,Scorpio Jo
UC8cOUGhxx0JT3h4BybX00Qg,http://www.youtube.com/channel/UC8cOUGhxx0JT3h4BybX00Qg,Jake Paul
UC8h8NJG9gacZ5lAJJvhD0fQ,http://www.youtube.com/channel/UC8h8NJG9gacZ5lAJJvhD0fQ,NardwuarServiette
UC8o8oDMfm8q8jyXtlQt_tiA,http://www.youtube.com/channel/UC8o8oDMfm8q8jyXtlQt_tiA,optiMiskit
UC8rVJyj4zE0S9-sccMLifIA,http://www.youtube.com/channel/UC8rVJyj4zE0S9-sccMLifIA,Lil Dicky
UC8uT9cgJorJPWu7ITLGo9Ww,http://www.youtube.com/channel/UC8uT9cgJorJPWu7ITLGo9Ww,The 8-Bit Guy
UC96emsA6tcvrIDVyJxbLtqQ,http://www.youtube.com/channel/UC96emsA6tcvrIDVyJxbLtqQ,jaw
UC9AVluvOpI9OlWN98J8R64A,http://www.youtube.com/channel/UC9AVluvOpI9OlWN98J8R64A,Rotten Apple
UC9BQIYM1Y6Vt7MrlNRRU8GA,http://www.youtube.com/channel/UC9BQIYM1Y6Vt7MrlNRRU8GA,Twister Black
UC9Q3suSdhaOYiGgN3L9BJwg,http://www.youtube.com/channel/UC9Q3suSdhaOYiGgN3L9BJwg,Purpled
UC9U8CIOx3nTimoKC8j0y-oA,http://www.youtube.com/channel/UC9U8CIOx3nTimoKC8j0y-oA,Dreamville
UC9ecwl3FTG66jIKA9JRDtmg,http://www.youtube.com/channel/UC9ecwl3FTG66jIKA9JRDtmg,SiIvaGunner
UC9f3M_UuONGGRpdlqWKeIKg,http://www.youtube.com/channel/UC9f3M_UuONGGRpdlqWKeIKg,NickMom
UC9mvRrl9o7rG65ABsGVvDBw,http://www.youtube.com/channel/UC9mvRrl9o7rG65ABsGVvDBw,mysticat
UC9t2RlHUshAARQNGe3tfk0A,http://www.youtube.com/channel/UC9t2RlHUshAARQNGe3tfk0A,GoldenGully
UC9z7EZAbkphEMg0SP7rw44A,http://www.youtube.com/channel/UC9z7EZAbkphEMg0SP7rw44A,carykh
UCA06V9S19zBWIVUSe65qM5g,http://www.youtube.com/channel/UCA06V9S19zBWIVUSe65qM5g,Sperm Racing
UCA0mlN90EHCizvo101nbr-g,http://www.youtube.com/channel/UCA0mlN90EHCizvo101nbr-g,NileRed 2
UCAMY_WdIgrjS89oM2pHOmlA,http://www.youtube.com/channel/UCAMY_WdIgrjS89oM2pHOmlA,SlopFilms
UCARGQz4WXW0HCb_6uiU9Jfw,http://www.youtube.com/channel/UCARGQz4WXW0HCb_6uiU9Jfw,Contendo PLUS
UCAXQEMlIZpWmf9IzrRSEvAQ,http://www.youtube.com/channel/UCAXQEMlIZpWmf9IzrRSEvAQ,Yuki Tsunoda
UCAaegDUlb7doIKo0Rc1F08g,http://www.youtube.com/channel/UCAaegDUlb7doIKo0Rc1F08g,GTLive
UCAbAsEZ-0LccTNbl8r-3EaQ,http://www.youtube.com/channel/UCAbAsEZ-0LccTNbl8r-3EaQ,Scott Yu-Jan
UCAgm5Hr26bXjkqbu5gfdMoA,http://www.youtube.com/channel/UCAgm5Hr26bXjkqbu5gfdMoA,Jake Paul
UCAiLfjNXkNv24uhpzUgPa6A,http://www.youtube.com/channel/UCAiLfjNXkNv24uhpzUgPa6A,Beast Philanthropy
UCAobWxtnC50bqInAxXlansg,http://www.youtube.com/channel/UCAobWxtnC50bqInAxXlansg,MGÏΩîÏù∏
UCAtYkwdhJ5o32z7gS-ef5vg,http://www.youtube.com/channel/UCAtYkwdhJ5o32z7gS-ef5vg,TommyNFG
UCAuo-Cg2bZVt3YSES1tyl9w,http://www.youtube.com/channel/UCAuo-Cg2bZVt3YSES1tyl9w,SENTRY
UCAzKFALPuF_EPe-AEI0WFFw,http://www.youtube.com/channel/UCAzKFALPuF_EPe-AEI0WFFw,TwoSetViolin
UCB4NFn-8oipHct0IfAQBQrQ,http://www.youtube.com/channel/UCB4NFn-8oipHct0IfAQBQrQ,Unnecessary Inventions
UCB5OMq90vzm_cpoNXxqPMfA,http://www.youtube.com/channel/UCB5OMq90vzm_cpoNXxqPMfA,Grant Wisler
UCBBZA20wLOxdorik68PRDRQ,http://www.youtube.com/channel/UCBBZA20wLOxdorik68PRDRQ,brainfurt
UCBCcSQOuywazydXCnL-ciWw,http://www.youtube.com/channel/UCBCcSQOuywazydXCnL-ciWw,Jake Paul
UCBEf0BsJKOcE5hYuDgrqjgw,http://www.youtube.com/channel/UCBEf0BsJKOcE5hYuDgrqjgw,Jack Grady Magic
UCBJycsmduvYEL83R_U4JriQ,http://www.youtube.com/channel/UCBJycsmduvYEL83R_U4JriQ,Marques Brownlee
UCBMvWaA97BAegvJ_Hz6Vwuw,http://www.youtube.com/channel/UCBMvWaA97BAegvJ_Hz6Vwuw,Yo Mama
UCBPRr5aGYpgdAcgJYcs-2VQ,http://www.youtube.com/channel/UCBPRr5aGYpgdAcgJYcs-2VQ,2Lemmy
UCB_qr75-ydFVKSF9Dmo6izg,http://www.youtube.com/channel/UCB_qr75-ydFVKSF9Dmo6izg,FORMULA 1
UCBaJVMx5fcWOHsmPH3IxKKQ,http://www.youtube.com/channel/UCBaJVMx5fcWOHsmPH3IxKKQ,Wubzzy
UCBi2mrWuNuyYy4gbM6fU18Q,http://www.youtube.com/channel/UCBi2mrWuNuyYy4gbM6fU18Q,ABC News
UCBn0pEwTkO-Loip6t0rYP9g,http://www.youtube.com/channel/UCBn0pEwTkO-Loip6t0rYP9g,Lava Blades 
UCBr9B1FoXLyOPJYZU_xd4Ng,http://www.youtube.com/channel/UCBr9B1FoXLyOPJYZU_xd4Ng,Dabo Life
UCBuXUfbdEx_Uwrd16_pROKw,http://www.youtube.com/channel/UCBuXUfbdEx_Uwrd16_pROKw,George Russell
UCBwOdA675vrSc6qnXIzBl9Q,http://www.youtube.com/channel/UCBwOdA675vrSc6qnXIzBl9Q,Jenkinator
UCC552Sd-3nyi_tk2BudLUzA,http://www.youtube.com/channel/UCC552Sd-3nyi_tk2BudLUzA,AsapSCIENCE
UCC9EjyMN_hx5NdctLBx5X7w,http://www.youtube.com/channel/UCC9EjyMN_hx5NdctLBx5X7w,Scammer Payback
UCCODtTcd5M1JavPCOr_Uydg,http://www.youtube.com/channel/UCCODtTcd5M1JavPCOr_Uydg,Extra History
UCCOrp7GPgZA8EGrbOcIAsyQ,http://www.youtube.com/channel/UCCOrp7GPgZA8EGrbOcIAsyQ,Phone Repair Guru
UCCX4DegUW9Y75M3g_0yauFA,http://www.youtube.com/channel/UCCX4DegUW9Y75M3g_0yauFA,JakePaul
UCCgK6peZI5-FKDCWzMIFk2A,http://www.youtube.com/channel/UCCgK6peZI5-FKDCWzMIFk2A,Almost Friday TV
UCClfFsWcT3N2I7VTXXyt84A,http://www.youtube.com/channel/UCClfFsWcT3N2I7VTXXyt84A,Salem Techsperts
UCCss76UdAZ0MdHQIf99eUdw,http://www.youtube.com/channel/UCCss76UdAZ0MdHQIf99eUdw,PurpledVODs
UCCuZ0r9pDMI8DwhtRV1fNhg,http://www.youtube.com/channel/UCCuZ0r9pDMI8DwhtRV1fNhg,Danno Cal Drawings
UCDB-Sy9lw2R-muVoK8nE_BQ,http://www.youtube.com/channel/UCDB-Sy9lw2R-muVoK8nE_BQ,Sick Animation
UCDBZxV-ZtKmeZYe8lgwhsbg,http://www.youtube.com/channel/UCDBZxV-ZtKmeZYe8lgwhsbg,Austyn Crispell
UCDBrVr0ttWpoRY-_yZajp2Q,http://www.youtube.com/channel/UCDBrVr0ttWpoRY-_yZajp2Q,alyankovic
UCDEcLf_c_CztIEEau0Nez9Q,http://www.youtube.com/channel/UCDEcLf_c_CztIEEau0Nez9Q,jake paul
UCDF8LIFp6_MasJC_iN5u4FA,http://www.youtube.com/channel/UCDF8LIFp6_MasJC_iN5u4FA,CurrentContent
UCDFns1cczUb7amMXrIZSiCQ,http://www.youtube.com/channel/UCDFns1cczUb7amMXrIZSiCQ,Caution Great Content
UCDKqfhruGCLUT3NoLo1zs9Q,http://www.youtube.com/channel/UCDKqfhruGCLUT3NoLo1zs9Q,Jake Paul
UCDO0-tKyMhKJSbvAj1HqfKw,http://www.youtube.com/channel/UCDO0-tKyMhKJSbvAj1HqfKw,Jake Paul
UCDPM_n1atn2ijUwHd0NNRQw,http://www.youtube.com/channel/UCDPM_n1atn2ijUwHd0NNRQw,Coldplay
UCDRbNGFusqlXX4a5vwi9ouQ,http://www.youtube.com/channel/UCDRbNGFusqlXX4a5vwi9ouQ,Vat19
UCDVYQ4Zhbm3S2dlz7P1GBDg,http://www.youtube.com/channel/UCDVYQ4Zhbm3S2dlz7P1GBDg,NFL
UCDcxdslc5cu-0ANATyWBtQw,http://www.youtube.com/channel/UCDcxdslc5cu-0ANATyWBtQw,DrIceBeak64
UCDd6E271xIseuul1mzYJv4w,http://www.youtube.com/channel/UCDd6E271xIseuul1mzYJv4w,Unmuted Crew
UCDfr25a1fzOgWZFwvIIRuHg,http://www.youtube.com/channel/UCDfr25a1fzOgWZFwvIIRuHg,GingerOfOz
UCDmFYIlgQ_ovOYkFckbNVBA,http://www.youtube.com/channel/UCDmFYIlgQ_ovOYkFckbNVBA,LumbagoF1
UCDpenlfHFtjdGpqi8slPybg,http://www.youtube.com/channel/UCDpenlfHFtjdGpqi8slPybg,Cooking With Marshmello
UCE1RsJ15Q_yr7Fk9OvYWhFA,http://www.youtube.com/channel/UCE1RsJ15Q_yr7Fk9OvYWhFA,Rizz Records 2
UCE4FVj6hKI0hsiWfZ9eLz_A,http://www.youtube.com/channel/UCE4FVj6hKI0hsiWfZ9eLz_A,cyndifusic
UCE7spuKzxP1k8A-XucxxUAQ,http://www.youtube.com/channel/UCE7spuKzxP1k8A-XucxxUAQ,John Casterline
UCEFFKGOqb1Mtvj3g3gjc6tQ,http://www.youtube.com/channel/UCEFFKGOqb1Mtvj3g3gjc6tQ,Surfshark Academy
UCEFY_ZrVOs4-XcKQx-cZiJw,http://www.youtube.com/channel/UCEFY_ZrVOs4-XcKQx-cZiJw,Rigamarole
UCEGJqNakp-wYdjg3ZIX3Nzg,http://www.youtube.com/channel/UCEGJqNakp-wYdjg3ZIX3Nzg,MrBeast5998
UCEGNJKDEDcOlsMKVMF6T6Qg,http://www.youtube.com/channel/UCEGNJKDEDcOlsMKVMF6T6Qg,Nearlyeveryone
UCEIr61Cr6d1pdi_9-SyKnag,http://www.youtube.com/channel/UCEIr61Cr6d1pdi_9-SyKnag,Team863
UCEOXxzW2vU0P-0THehuIIeg,http://www.youtube.com/channel/UCEOXxzW2vU0P-0THehuIIeg,Captain Disillusion
UCETE4rKzRRjqM0JaB7TlPpQ,http://www.youtube.com/channel/UCETE4rKzRRjqM0JaB7TlPpQ,KSAT 12
UCEUPx_RbHwadQ6AwDBiiAFg,http://www.youtube.com/channel/UCEUPx_RbHwadQ6AwDBiiAFg,There I Ruined It
UCEXxdEcc8WjD3QSnPlaQ02Q,http://www.youtube.com/channel/UCEXxdEcc8WjD3QSnPlaQ02Q,super_toki
UCE_M8A5yxnLfW0KghEeajjw,http://www.youtube.com/channel/UCE_M8A5yxnLfW0KghEeajjw,Apple
UCEbj8X_OszOQ8VQ4F-Dti0g,http://www.youtube.com/channel/UCEbj8X_OszOQ8VQ4F-Dti0g,Phaleur
UCEdvpU2pFRCVqU6yIPyTpMQ,http://www.youtube.com/channel/UCEdvpU2pFRCVqU6yIPyTpMQ,Marshmello
UCEoHVPVkDtGCy-Sc9AHqBzg,http://www.youtube.com/channel/UCEoHVPVkDtGCy-Sc9AHqBzg,ShaggyBearGames
UCErkPBjWg5zriW0ukYhzeeg,http://www.youtube.com/channel/UCErkPBjWg5zriW0ukYhzeeg,FactsPlug
UCF9R3Ln-u52vUdSO-pFdETw,http://www.youtube.com/channel/UCF9R3Ln-u52vUdSO-pFdETw,JacksEpicYoutubeChannelFullOfFunTimesAndFunHiRickX
UCFAiFyGs6oDiF1Nf-rRJpZA,http://www.youtube.com/channel/UCFAiFyGs6oDiF1Nf-rRJpZA,Technoblade
UCFGnBRS2WR63zY_4keF7bng,http://www.youtube.com/channel/UCFGnBRS2WR63zY_4keF7bng,JayMoji
UCFN6lQpfY8XIRdhv9G-f4bg,http://www.youtube.com/channel/UCFN6lQpfY8XIRdhv9G-f4bg,Henry Belcaster
UCFTRv5q6uXHl2zwI2ANA9oA,http://www.youtube.com/channel/UCFTRv5q6uXHl2zwI2ANA9oA,Gbillz
UCFUsBdbrNe2a8tnVsxBwoZw,http://www.youtube.com/channel/UCFUsBdbrNe2a8tnVsxBwoZw,Plainrock124
UCFXAMRUPOF-LXbKjAHrrZkg,http://www.youtube.com/channel/UCFXAMRUPOF-LXbKjAHrrZkg,Eckleo
UCFXCGN9-roeqdFAatAwG8ew,http://www.youtube.com/channel/UCFXCGN9-roeqdFAatAwG8ew,Ben Esherick
UCFYMDSW-BzeYZKFSxROw3Rg,http://www.youtube.com/channel/UCFYMDSW-BzeYZKFSxROw3Rg,The Living Tombstone
UCFbtXFIaAJ0fOtgyeDs8Jog,http://www.youtube.com/channel/UCFbtXFIaAJ0fOtgyeDs8Jog,Lud and Schlatts Musical Emporium 
UCFctpiB_Hnlk3ejWfHqSm6Q,http://www.youtube.com/channel/UCFctpiB_Hnlk3ejWfHqSm6Q,The Official Pok√©mon YouTube channel
UCFhMOIr1FZNaLwHXNIkBMSg,http://www.youtube.com/channel/UCFhMOIr1FZNaLwHXNIkBMSg,Chef Tyler
UCFhXFikryT4aFcLkLw2LBLA,http://www.youtube.com/channel/UCFhXFikryT4aFcLkLw2LBLA,NileRed
UCFipayYs4TjaCVddojSK-pg,http://www.youtube.com/channel/UCFipayYs4TjaCVddojSK-pg,Cwitchy
UCFoCQ3dUev0c6E6mxekWgHA,http://www.youtube.com/channel/UCFoCQ3dUev0c6E6mxekWgHA,Malice
UCFvorTY8cjj0srKvyAoZliQ,http://www.youtube.com/channel/UCFvorTY8cjj0srKvyAoZliQ,Autism Arcade
UCG98ruDeyp55THxbpBCIv3g,http://www.youtube.com/channel/UCG98ruDeyp55THxbpBCIv3g,Duolingo
UCGD_JoYm3T-J7TWs47pgpXA,http://www.youtube.com/channel/UCGD_JoYm3T-J7TWs47pgpXA,cdotplays
UCGIY_O-8vW4rfX98KlMkvRg,http://www.youtube.com/channel/UCGIY_O-8vW4rfX98KlMkvRg,Nintendo of America
UCGU1O4Af9IF_0Wp8iCHd_CQ,http://www.youtube.com/channel/UCGU1O4Af9IF_0Wp8iCHd_CQ,Jo2Fresh
UCGX7oRYGWSqF_G3Y-8NyCKw,http://www.youtube.com/channel/UCGX7oRYGWSqF_G3Y-8NyCKw,KendricksBurner
UCGYXOIDOcfzuh3PhxfuY3TQ,http://www.youtube.com/channel/UCGYXOIDOcfzuh3PhxfuY3TQ,Mii Creator
UCGaJ7CWcBjV5XEznzc3Uo0Q,http://www.youtube.com/channel/UCGaJ7CWcBjV5XEznzc3Uo0Q,Bulian
UCGmnsW623G1r-Chmo5RB4Yw,http://www.youtube.com/channel/UCGmnsW623G1r-Chmo5RB4Yw,KSI
UCGn2YhSTjthvKVS340g1jAg,http://www.youtube.com/channel/UCGn2YhSTjthvKVS340g1jAg,Don‚Äôt Read My Profile Picture
UCGpMtZubbF0KYlx_7R4a9_Q,http://www.youtube.com/channel/UCGpMtZubbF0KYlx_7R4a9_Q,JSpazz_777
UCGvwFFiYlRyDqyEsLoJJTfw,http://www.youtube.com/channel/UCGvwFFiYlRyDqyEsLoJJTfw,ItsNotSoClearCut (Cosmiz)
UCH-Uobgd_TrFNnxuphSnbeQ,http://www.youtube.com/channel/UCH-Uobgd_TrFNnxuphSnbeQ,Tenacious D
UCH6Xtt4GpcQXjOq0_PTDhAw,http://www.youtube.com/channel/UCH6Xtt4GpcQXjOq0_PTDhAw,Dan Povenmire
UCHLPJuoTHhQTTP-zH2muXng,http://www.youtube.com/channel/UCHLPJuoTHhQTTP-zH2muXng,YoutubeChannel
UCHMyJmk7LeN2nNq5zZIP3zA,http://www.youtube.com/channel/UCHMyJmk7LeN2nNq5zZIP3zA,justmehabibi
UCHRXthV2aG8f3lsWhy-a4lQ,http://www.youtube.com/channel/UCHRXthV2aG8f3lsWhy-a4lQ,Mrs.Fallout
UCHYoe8kQ-7Gn9ASOlmI0k6Q,http://www.youtube.com/channel/UCHYoe8kQ-7Gn9ASOlmI0k6Q,The Food Theorists
UCHZ986wm_sJT6wntdDTIIcw,http://www.youtube.com/channel/UCHZ986wm_sJT6wntdDTIIcw,FitMC
UCHcb3FQivl6xCRcHC2zjdkQ,http://www.youtube.com/channel/UCHcb3FQivl6xCRcHC2zjdkQ,Oliver Tree
UCHdpnvKJDijKNe2caIasnww,http://www.youtube.com/channel/UCHdpnvKJDijKNe2caIasnww,Garbage Time
UCHjmFmzHcCMVdiWxVl9Lyuw,http://www.youtube.com/channel/UCHjmFmzHcCMVdiWxVl9Lyuw,Jake Paul
UCHl4MB8UalGLUydbWdBzG1Q,http://www.youtube.com/channel/UCHl4MB8UalGLUydbWdBzG1Q,Lewis Hamilton
UCHw-JjzU80GKrGJwI1Uf1OQ,http://www.youtube.com/channel/UCHw-JjzU80GKrGJwI1Uf1OQ,Jacadamia
UCHwpDpLoyJgtFXoAaaSut4Q,http://www.youtube.com/channel/UCHwpDpLoyJgtFXoAaaSut4Q,Lionfield
UCHyMNXj5l7eTTQefXzT3MdQ,http://www.youtube.com/channel/UCHyMNXj5l7eTTQefXzT3MdQ,Joe Caine
UCI4kahy_vOpM6yvykXCcpOA,http://www.youtube.com/channel/UCI4kahy_vOpM6yvykXCcpOA,Brandon Shepherd
UCI5qWAMf5PHLNcM13R8pfiQ,http://www.youtube.com/channel/UCI5qWAMf5PHLNcM13R8pfiQ,Dolan Darker
UCIEv3lZ_tNXHzL3ox-_uUGQ,http://www.youtube.com/channel/UCIEv3lZ_tNXHzL3ox-_uUGQ,Gordon Ramsay
UCIPPMRA040LQr5QPyJEbmXA,http://www.youtube.com/channel/UCIPPMRA040LQr5QPyJEbmXA,MrBeast Gaming
UCIYMzTdHgRjfKt3aHjDhDUw,http://www.youtube.com/channel/UCIYMzTdHgRjfKt3aHjDhDUw,KIDS SEE GHOSTS
UCIeuUT3mfhxreOMIls9fWew,http://www.youtube.com/channel/UCIeuUT3mfhxreOMIls9fWew,PACKGOD
UCIhqPxa3Mz6OxT1YCtpGBtw,http://www.youtube.com/channel/UCIhqPxa3Mz6OxT1YCtpGBtw,Rubz-Hustles
UCIn1EsSr4rgSznqrKtteQgA,http://www.youtube.com/channel/UCIn1EsSr4rgSznqrKtteQgA,TheAnimeMen
UCIoDNWuAq3wPv11BXbr5xMg,http://www.youtube.com/channel/UCIoDNWuAq3wPv11BXbr5xMg,SkyCorp Home Video
UCIqdm6NGlmnwU_B5JrkVKxw,http://www.youtube.com/channel/UCIqdm6NGlmnwU_B5JrkVKxw,Lance Stroll
UCIvMEZips_QKqajfXGY_C5Q,http://www.youtube.com/channel/UCIvMEZips_QKqajfXGY_C5Q,BadlandsChugs
UCIzIX1qgW7P3eF6JCk_afCA,http://www.youtube.com/channel/UCIzIX1qgW7P3eF6JCk_afCA,Charles Leclerc
UCJ2ZDzMRgSrxmwphstrm8Ww,http://www.youtube.com/channel/UCJ2ZDzMRgSrxmwphstrm8Ww,Smosh Games
UCJTUUNeSMHAMlKJkdyK3U2g,http://www.youtube.com/channel/UCJTUUNeSMHAMlKJkdyK3U2g,Jake Paul
UCJWyAcsOyl2_Ar7GVQV5SzA,http://www.youtube.com/channel/UCJWyAcsOyl2_Ar7GVQV5SzA,Michael H
UCJp8DNYp_JqXMfK4bwqrELA,http://www.youtube.com/channel/UCJp8DNYp_JqXMfK4bwqrELA,Jake Paul
UCJt394pvQs3Y7WQSvZG2PMw,http://www.youtube.com/channel/UCJt394pvQs3Y7WQSvZG2PMw,the new norm leaks
UCK0UUsCjtMRNtS3BPh1Yc4w,http://www.youtube.com/channel/UCK0UUsCjtMRNtS3BPh1Yc4w,Tampa Bay 28
UCKVz14-tayP68iz-xjTWQ4Q,http://www.youtube.com/channel/UCKVz14-tayP68iz-xjTWQ4Q,Adam Martyn
UCK_tb0EekxnIx3ycnu7NhnA,http://www.youtube.com/channel/UCK_tb0EekxnIx3ycnu7NhnA,Liam Vickers Animation
UCKbUpvmYKz6MpUdvAXHCpoA,http://www.youtube.com/channel/UCKbUpvmYKz6MpUdvAXHCpoA,Yerba Mate Labüßâ
UCKezDYNRPpAy2_1XRMBWKSw,http://www.youtube.com/channel/UCKezDYNRPpAy2_1XRMBWKSw,FIRSTinTexas
UCKieKp4a2taymTGhYGHUGag,http://www.youtube.com/channel/UCKieKp4a2taymTGhYGHUGag,LegoMe_TheOG
UCKp7UVaoVuiW1qtyPLPVFMQ,http://www.youtube.com/channel/UCKp7UVaoVuiW1qtyPLPVFMQ,Diplo
UCKrdjiuS66yXOdEZ_cOD_TA,http://www.youtube.com/channel/UCKrdjiuS66yXOdEZ_cOD_TA,Megan Thee Stallion
UCKw3XwYyD5uX8RYOiMVwowQ,http://www.youtube.com/channel/UCKw3XwYyD5uX8RYOiMVwowQ,SpeedUpBricks
UCL44Q6YMGlO_-O9Na9kL3Rw,http://www.youtube.com/channel/UCL44Q6YMGlO_-O9Na9kL3Rw,ThePolandReal
UCL6JmiMXKoXS6bpP1D3bk8g,http://www.youtube.com/channel/UCL6JmiMXKoXS6bpP1D3bk8g,Donut
UCLNCLOa1ChRr0fJlxMFNaUg,http://www.youtube.com/channel/UCLNCLOa1ChRr0fJlxMFNaUg,deejus
UCLPcExUeE7MR7sTbQHd5l7A,http://www.youtube.com/channel/UCLPcExUeE7MR7sTbQHd5l7A,DramatizeMe
UCLaMpjgs3L1Uo_0Io_I1EGg,http://www.youtube.com/channel/UCLaMpjgs3L1Uo_0Io_I1EGg,Tony Zaret
UCLbo5EEqc3j9EsriYBr_HAw,http://www.youtube.com/channel/UCLbo5EEqc3j9EsriYBr_HAw,"s,,,,,,"
UCLxZ5uCxBfJo9NueRX4ZcwA,http://www.youtube.com/channel/UCLxZ5uCxBfJo9NueRX4ZcwA,Jarred Jermaine
UCLzdMXE3R2xXIklfIO9HCcQ,http://www.youtube.com/channel/UCLzdMXE3R2xXIklfIO9HCcQ,Brock Baker
UCM-zYOyBX3nSve9-vOjOwPQ,http://www.youtube.com/channel/UCM-zYOyBX3nSve9-vOjOwPQ,player_03
UCM5WPJP2HmYwOUeoWNhsqeQ,http://www.youtube.com/channel/UCM5WPJP2HmYwOUeoWNhsqeQ,Kid Cudi‚Äôs Son 
UCM5uQEGUy9b1hKUknvBa50A,http://www.youtube.com/channel/UCM5uQEGUy9b1hKUknvBa50A,NBA 2K League
UCM8ajX6MssqUfc5egFgIXWA,http://www.youtube.com/channel/UCM8ajX6MssqUfc5egFgIXWA,ngx¬≥
UCMBOY8SB75iImsg5UlIomNg,http://www.youtube.com/channel/UCMBOY8SB75iImsg5UlIomNg,Mister Technodad
UCMRmGwe8M_OYOAfirUqwwnA,http://www.youtube.com/channel/UCMRmGwe8M_OYOAfirUqwwnA,YeezyTravis
UCMUyG01MXNeiTykIlvWwIRQ,http://www.youtube.com/channel/UCMUyG01MXNeiTykIlvWwIRQ,JJJacksfilms
UCMiJRAwDNSNzuYeN2uWa0pA,http://www.youtube.com/channel/UCMiJRAwDNSNzuYeN2uWa0pA,Mrwhosetheboss
UCMoODE6qzOEDqZ0zVG5UGVg,http://www.youtube.com/channel/UCMoODE6qzOEDqZ0zVG5UGVg,skeuoss
UCMogCSEyT2n92V8uDJa1Pcg,http://www.youtube.com/channel/UCMogCSEyT2n92V8uDJa1Pcg,Ï∞®Ïª§ Chaco
UCMr1lqB1oN3-cYf6cj6-v-A,http://www.youtube.com/channel/UCMr1lqB1oN3-cYf6cj6-v-A,Degenerocity
UCMu5gPmKp5av0QCAajKTMhw,http://www.youtube.com/channel/UCMu5gPmKp5av0QCAajKTMhw,ERB
UCMyOj6fhvKFMjxUCp3b_3gA,http://www.youtube.com/channel/UCMyOj6fhvKFMjxUCp3b_3gA,Nick DiGiovanni
UCN-sc1xJr-QQNj_uNIM9wTA,http://www.youtube.com/channel/UCN-sc1xJr-QQNj_uNIM9wTA,JAY-Z
UCN9b_n-XPUhKsydbT60v2JA,http://www.youtube.com/channel/UCN9b_n-XPUhKsydbT60v2JA,RoyalMelon
UCNMyoMaXJZITZaRKCz7G23Q,http://www.youtube.com/channel/UCNMyoMaXJZITZaRKCz7G23Q,Peter Knetter
UCNRXCkyFGkmw_TcFMw7fBaQ,http://www.youtube.com/channel/UCNRXCkyFGkmw_TcFMw7fBaQ,Quadrant
UCNTu7P3IyRRKJtibrrXG0Yg,http://www.youtube.com/channel/UCNTu7P3IyRRKJtibrrXG0Yg,lil boat
UCNUbNl2U6Hg8J0Zem6hzC2g,http://www.youtube.com/channel/UCNUbNl2U6Hg8J0Zem6hzC2g,Pharrell Williams
UCNXYrTl3Rc03bRBplYaz7yg,http://www.youtube.com/channel/UCNXYrTl3Rc03bRBplYaz7yg,One Giant Onion
UCNYrK4tc5i1-eL8TXesH2pg,http://www.youtube.com/channel/UCNYrK4tc5i1-eL8TXesH2pg,schmoyoho
UCNuXPzyb0w8htO-S6YC-8Ag,http://www.youtube.com/channel/UCNuXPzyb0w8htO-S6YC-8Ag,lolwhirowsucks
UCNvpalTXaq6SEwZ2kr4Icdw,http://www.youtube.com/channel/UCNvpalTXaq6SEwZ2kr4Icdw,wibblesquid
UCO5XcuQe_fLJVI3sZ0LmGCA,http://www.youtube.com/channel/UCO5XcuQe_fLJVI3sZ0LmGCA,Nujabes
UCO9zJy7HWrIS3ojB4Lr7Yqw,http://www.youtube.com/channel/UCO9zJy7HWrIS3ojB4Lr7Yqw,Lil Wayne
UCOAUz4d1NUNxSHh_SOJtdGQ,http://www.youtube.com/channel/UCOAUz4d1NUNxSHh_SOJtdGQ,GetMadz
UCOYWgypDktXdb-HfZnSMK6A,http://www.youtube.com/channel/UCOYWgypDktXdb-HfZnSMK6A,TomSka
UCOcRqcANSxUqxxGv-O3kejg,http://www.youtube.com/channel/UCOcRqcANSxUqxxGv-O3kejg,Spongebob Patrick
UCOgSjlkPHb3cKOHm6feXcQQ,http://www.youtube.com/channel/UCOgSjlkPHb3cKOHm6feXcQQ,forty ninety six
UCOjROKSDOqYn5XLCvaWXRdA,http://www.youtube.com/channel/UCOjROKSDOqYn5XLCvaWXRdA,WozniakNewsYT
UCOlnCUAKLENyFC8wftR-oNw,http://www.youtube.com/channel/UCOlnCUAKLENyFC8wftR-oNw,Excel Esports
UCOrCugMRzX49mVUjM2jEu9w,http://www.youtube.com/channel/UCOrCugMRzX49mVUjM2jEu9w,Chef Rush
UCOuddH5GyBXp-_tv_ASdp_A,http://www.youtube.com/channel/UCOuddH5GyBXp-_tv_ASdp_A,Nick Robinson (Babylonian)
UCOuwU6aYcIgpKDdbekbUS2Q,http://www.youtube.com/channel/UCOuwU6aYcIgpKDdbekbUS2Q,ChainsFR
UCOvEMf00DnwdkpOCRWdc6uA,http://www.youtube.com/channel/UCOvEMf00DnwdkpOCRWdc6uA,Charli xcx
UCOvidg1tD2CxSrEDtmUKfBw,http://www.youtube.com/channel/UCOvidg1tD2CxSrEDtmUKfBw,Bad History
UCP0_k4INXrwPS6HhIyYqsTg,http://www.youtube.com/channel/UCP0_k4INXrwPS6HhIyYqsTg,Steven He
UCPDXXXJj9nax0fr0Wfc048g,http://www.youtube.com/channel/UCPDXXXJj9nax0fr0Wfc048g,Dropout
UCPD_bxCRGpmmeQcbe2kpPaA,http://www.youtube.com/channel/UCPD_bxCRGpmmeQcbe2kpPaA,First We Feast
UCPPJztUtNV7NV8pHDotulWg,http://www.youtube.com/channel/UCPPJztUtNV7NV8pHDotulWg,Nintendrew
UCPa4ubvJOm5pEMpiyr6UVUg,http://www.youtube.com/channel/UCPa4ubvJOm5pEMpiyr6UVUg,Rizz Records
UCPc9yOXlAFXcLILa104ZEKA,http://www.youtube.com/channel/UCPc9yOXlAFXcLILa104ZEKA,Dr. Dana Figura
UCPcFg7aBbaVzXoIKSNqwaww,http://www.youtube.com/channel/UCPcFg7aBbaVzXoIKSNqwaww,jacksfilms
UCPdaxSov0mgwh77JvjQO2jQ,http://www.youtube.com/channel/UCPdaxSov0mgwh77JvjQO2jQ,Man Carrying Thing
UCPgCCmfaV8Xs-Sql1XSkLUA,http://www.youtube.com/channel/UCPgCCmfaV8Xs-Sql1XSkLUA,Uncle Ruckus
UCPiLoWyig0ux15zKhRiIPHA,http://www.youtube.com/channel/UCPiLoWyig0ux15zKhRiIPHA,MrBeast5997
UCPvRdfUooqCf0zPOYvbBzVA,http://www.youtube.com/channel/UCPvRdfUooqCf0zPOYvbBzVA,mryeester
UCQHX6ViZmPsWiYSFAyS0a3Q,http://www.youtube.com/channel/UCQHX6ViZmPsWiYSFAyS0a3Q,GothamChess
UCQVZyRwjli3YS4rHb9bQ0Pg,http://www.youtube.com/channel/UCQVZyRwjli3YS4rHb9bQ0Pg,dbrand
UCQjD3ZoAu53MGyET2ZXB8HQ,http://www.youtube.com/channel/UCQjD3ZoAu53MGyET2ZXB8HQ,Jake Paul
UCQliobRAqnJWuFnlY9Ua0Yg,http://www.youtube.com/channel/UCQliobRAqnJWuFnlY9Ua0Yg,OkCron
UCQmzgjEb7X6--w7CSE1erJg,http://www.youtube.com/channel/UCQmzgjEb7X6--w7CSE1erJg,Slimecicle
UCR4ZpFWX29p4YCajQA5fcfQ,http://www.youtube.com/channel/UCR4ZpFWX29p4YCajQA5fcfQ,TechJoyce
UCR4s1DE9J4DHzZYXMltSMAg,http://www.youtube.com/channel/UCR4s1DE9J4DHzZYXMltSMAg,HowToBasic
UCR4u8Ny7c3V8qkvIF3JJG-Q,http://www.youtube.com/channel/UCR4u8Ny7c3V8qkvIF3JJG-Q,Kevin Temmer Tunes
UCR8LApBvKhOzOjfKVgoM5pg,http://www.youtube.com/channel/UCR8LApBvKhOzOjfKVgoM5pg,RedFire
UCRG9qc7LbiePTRH4-XjNX0Q,http://www.youtube.com/channel/UCRG9qc7LbiePTRH4-XjNX0Q,Zelig Sound
UCRJBLIR5E1bfDmq3kAzRpeg,http://www.youtube.com/channel/UCRJBLIR5E1bfDmq3kAzRpeg,Mogswamp
UCRJujaKIoPjmPXB8UmL7dvQ,http://www.youtube.com/channel/UCRJujaKIoPjmPXB8UmL7dvQ,Streamy Awards
UCRWq3oUSpwmrnDFX8h6eZDQ,http://www.youtube.com/channel/UCRWq3oUSpwmrnDFX8h6eZDQ,LaiyenZ
UCR_p3RzMi1HO-Jm32M_aXwA,http://www.youtube.com/channel/UCR_p3RzMi1HO-Jm32M_aXwA,Prison Guard
UCRbhmD56b-0cwLw73UAK2Yg,http://www.youtube.com/channel/UCRbhmD56b-0cwLw73UAK2Yg,Flatlife
UCRcMNpGYouely27KKI1uCyg,http://www.youtube.com/channel/UCRcMNpGYouely27KKI1uCyg,Toonarii
UCRv0M7dDL0Y21_9rU4tgNDw,http://www.youtube.com/channel/UCRv0M7dDL0Y21_9rU4tgNDw,Yuno Miles 
UCRwczJ_nk1t9IGHyHfHbXRQ,http://www.youtube.com/channel/UCRwczJ_nk1t9IGHyHfHbXRQ,Nathaniel Bandy
UCRyS4kYdsaGcuFczzCjFXag,http://www.youtube.com/channel/UCRyS4kYdsaGcuFczzCjFXag,verbalase
UCS-WzPVpAAli-1IfEG2lN8A,http://www.youtube.com/channel/UCS-WzPVpAAli-1IfEG2lN8A,Michael MJD
UCS5Oz6CHmeoF7vSad0qqXfw,http://www.youtube.com/channel/UCS5Oz6CHmeoF7vSad0qqXfw,DanTDM
UCSC6F-cM6_Xm3aJnHs6ZDVA,http://www.youtube.com/channel/UCSC6F-cM6_Xm3aJnHs6ZDVA,Joeseppi
UCSFKhlsgQCHymbC3az8pI8w,http://www.youtube.com/channel/UCSFKhlsgQCHymbC3az8pI8w,Lonely Sandwich
UCSL8h6TsvdnGampuxJldwNg,http://www.youtube.com/channel/UCSL8h6TsvdnGampuxJldwNg,Scrub Daddy
UCSNXdYd0SQdr2fVhz5wntDg,http://www.youtube.com/channel/UCSNXdYd0SQdr2fVhz5wntDg,Akfamilyhome Plus
UCSOWoKjionahXxLcHH-pR9w,http://www.youtube.com/channel/UCSOWoKjionahXxLcHH-pR9w,Jake Paul
UCSOpcUkE-is7u7c4AkLgqTw,http://www.youtube.com/channel/UCSOpcUkE-is7u7c4AkLgqTw,MrMobile [Michael Fisher]
UCSWMraguMlNanVQgseTTr_Q,http://www.youtube.com/channel/UCSWMraguMlNanVQgseTTr_Q,f4mi
UCSbH-yEiy37B7F7U963GZCA,http://www.youtube.com/channel/UCSbH-yEiy37B7F7U963GZCA,Beck the Schizo
UCScU7vn6C1b684OQtcV-WQw,http://www.youtube.com/channel/UCScU7vn6C1b684OQtcV-WQw,Danno
UCSn9EYHhltrHJItxNFl1ATQ,http://www.youtube.com/channel/UCSn9EYHhltrHJItxNFl1ATQ,RedFire Studios (mrt84) [ARCHIVED]
UCSrPuHtKbst7Zy8pyWn_3Cg,http://www.youtube.com/channel/UCSrPuHtKbst7Zy8pyWn_3Cg,What's Inside?
UCTH6s1SMIQicvyd8OLBYMtQ,http://www.youtube.com/channel/UCTH6s1SMIQicvyd8OLBYMtQ,4096
UCTIQt2uh7213rKqK_qUxdKA,http://www.youtube.com/channel/UCTIQt2uh7213rKqK_qUxdKA,Jake Paul 3
UCTJqca-DZhSWlHnWBBAxlcg,http://www.youtube.com/channel/UCTJqca-DZhSWlHnWBBAxlcg,_lumbago_2
UCTMGgU2G_Zz2eGA5tPFJrPg,http://www.youtube.com/channel/UCTMGgU2G_Zz2eGA5tPFJrPg,Peternity
UCTWcrFkcu1RtWlj0EXfNN-A,http://www.youtube.com/channel/UCTWcrFkcu1RtWlj0EXfNN-A,Nicro
UCT_dB4i0Jz971GVTA-D2Tbg,http://www.youtube.com/channel/UCT_dB4i0Jz971GVTA-D2Tbg,TetraBitGaming
UCThTcT7SupWbwrOJocc_zVQ,http://www.youtube.com/channel/UCThTcT7SupWbwrOJocc_zVQ,ai_sponge
UCTjqo_3046IXFFGZ_M5jedA,http://www.youtube.com/channel/UCTjqo_3046IXFFGZ_M5jedA,jackisanerd
UCTuNrpB6KOtOQZGhlz2pI2Q,http://www.youtube.com/channel/UCTuNrpB6KOtOQZGhlz2pI2Q,YAIY
UCTzpYUtxLlWs-wtQP19X7Aw,http://www.youtube.com/channel/UCTzpYUtxLlWs-wtQP19X7Aw,Ranton
UCU0sJ4KiM9wY-oJ4lDZx_zQ,http://www.youtube.com/channel/UCU0sJ4KiM9wY-oJ4lDZx_zQ,PartyOf2
UCU5PZpCWQgak5w4ztWo9u6w,http://www.youtube.com/channel/UCU5PZpCWQgak5w4ztWo9u6w,EA SPORTS F1
UCUCo_G9HneFK4Luncw6v-Bw,http://www.youtube.com/channel/UCUCo_G9HneFK4Luncw6v-Bw,Shank Mods
UCUE5oXHE0Ox2xgKO8BX-Dyg,http://www.youtube.com/channel/UCUE5oXHE0Ox2xgKO8BX-Dyg,Patt 
UCUIOo6Tql7uIH83-T1WhaYw,http://www.youtube.com/channel/UCUIOo6Tql7uIH83-T1WhaYw,Clipse
UCUMQFUkgaEE68_ujIdW2wAw,http://www.youtube.com/channel/UCUMQFUkgaEE68_ujIdW2wAw,Dime Store Adventures
UCUWhqBJfvkZogLBxFttN4_g,http://www.youtube.com/channel/UCUWhqBJfvkZogLBxFttN4_g,Omni
UCUXNOmIdsoyd5fh5TZHHO5Q,http://www.youtube.com/channel/UCUXNOmIdsoyd5fh5TZHHO5Q,JackSucksAtClips
UCUaT_39o1x6qWjz7K2pWcgw,http://www.youtube.com/channel/UCUaT_39o1x6qWjz7K2pWcgw,Beast Reacts
UCUmJgevleU1ajXJLToJRlkA,http://www.youtube.com/channel/UCUmJgevleU1ajXJLToJRlkA,Jake Paul
UCUplC9g5Clc2PLr293HDPUA,http://www.youtube.com/channel/UCUplC9g5Clc2PLr293HDPUA,JimmyKazakhstan
UCUrUe-Gf7RbhATvxDZZE39w,http://www.youtube.com/channel/UCUrUe-Gf7RbhATvxDZZE39w,Totally Not MrBeast
UCUvIsQMxWWJ_1ajxu5plOFw,http://www.youtube.com/channel/UCUvIsQMxWWJ_1ajxu5plOFw,Spigen
UCUvw__zQnaI_pcvMy2O0v6g,http://www.youtube.com/channel/UCUvw__zQnaI_pcvMy2O0v6g,Ninye
UCV--8wtuyGo3vMtIdeq4j3w,http://www.youtube.com/channel/UCV--8wtuyGo3vMtIdeq4j3w,Technothepig
UCV8PKDKxXji67OJ816KUIug,http://www.youtube.com/channel/UCV8PKDKxXji67OJ816KUIug,Jake Rasmussen
UCVGOyzms_XJNk_DHqrffXCw,http://www.youtube.com/channel/UCVGOyzms_XJNk_DHqrffXCw,Windows
UCVJ2GFJzJgwyN7eWWWSpcHA,http://www.youtube.com/channel/UCVJ2GFJzJgwyN7eWWWSpcHA,Vailskibum
UCVQyWbVBZSWvivXuQjKvQew,http://www.youtube.com/channel/UCVQyWbVBZSWvivXuQjKvQew,I Mostly Blame Myself
UCVSeCkn_4KUguSRFxS4YU3w,http://www.youtube.com/channel/UCVSeCkn_4KUguSRFxS4YU3w,chon digital
UCVWGo5bYHrF99spyRNK7uAg,http://www.youtube.com/channel/UCVWGo5bYHrF99spyRNK7uAg,Ethri
UCVXvGJ5GXPY7L0ti6_TxdPA,http://www.youtube.com/channel/UCVXvGJ5GXPY7L0ti6_TxdPA,Barry
UCV_3nJhe4e4FF9QYRETQ8nA,http://www.youtube.com/channel/UCV_3nJhe4e4FF9QYRETQ8nA,HabibiMotivationGrindHustleEntrepreneur
UCV_neMqNISaN3HEoI32hDGg,http://www.youtube.com/channel/UCV_neMqNISaN3HEoI32hDGg,Rick'sF1Addiction
UCVe358khfRWQ6NRT89jEhBA,http://www.youtube.com/channel/UCVe358khfRWQ6NRT89jEhBA,PorkAI
UCVi2lI40LetxLBKn-rtWC3A,http://www.youtube.com/channel/UCVi2lI40LetxLBKn-rtWC3A,Crunchyroll Dubs
UCVjlpEjEY9GpksqbEesJnNA,http://www.youtube.com/channel/UCVjlpEjEY9GpksqbEesJnNA,mrnigelng
UCVo63lbKHjC04KqYhwSZ_Pg,http://www.youtube.com/channel/UCVo63lbKHjC04KqYhwSZ_Pg,Defunctland
UCVyrEC4-YS6g0o0eNseOknQ,http://www.youtube.com/channel/UCVyrEC4-YS6g0o0eNseOknQ,Reloxard
UCVzt0Ltq6VNKRqRMrry3OIA,http://www.youtube.com/channel/UCVzt0Ltq6VNKRqRMrry3OIA,Extra Credits
UCWFKCr40YwOZQx8FHU_ZqqQ,http://www.youtube.com/channel/UCWFKCr40YwOZQx8FHU_ZqqQ,JerryRigEverything
UCWFNUk2LHUQdRzQcJLYZmcg,http://www.youtube.com/channel/UCWFNUk2LHUQdRzQcJLYZmcg,Bringus Studios
UCWQrSQ0wJ3oZshXsZcl_Srg,http://www.youtube.com/channel/UCWQrSQ0wJ3oZshXsZcl_Srg,Music Media
UCWVuy4NPohItH9-Gr7e8wqw,http://www.youtube.com/channel/UCWVuy4NPohItH9-Gr7e8wqw,TheRelaxingEnd
UCWZp4y1jqBuvLtiyxSs_ZBw,http://www.youtube.com/channel/UCWZp4y1jqBuvLtiyxSs_ZBw,Big guy
UCWb-66XSFCV5vgKEbl22R6Q,http://www.youtube.com/channel/UCWb-66XSFCV5vgKEbl22R6Q,Enderman
UCWbeFpT8OXzD9SW2zj4cikg,http://www.youtube.com/channel/UCWbeFpT8OXzD9SW2zj4cikg,Zorrpu
UCWsAxLj33StmHD80fABjC4g,http://www.youtube.com/channel/UCWsAxLj33StmHD80fABjC4g,Republic Of Molossia
UCWsDFcIhY2DBi3GB5uykGXA,http://www.youtube.com/channel/UCWsDFcIhY2DBi3GB5uykGXA,IShowSpeed
UCWu_FbkvzxfbLSw1ZoE2_pA,http://www.youtube.com/channel/UCWu_FbkvzxfbLSw1ZoE2_pA,JDG Creative
UCWyUkRLAc9SiqTVsdzCedSQ,http://www.youtube.com/channel/UCWyUkRLAc9SiqTVsdzCedSQ,quagmire toilet gaming
UCX0aUB-99m_b958ljpioOhQ,http://www.youtube.com/channel/UCX0aUB-99m_b958ljpioOhQ,Pat Cc:
UCX6OQ3DkcsbYNE6H8uQQuVA,http://www.youtube.com/channel/UCX6OQ3DkcsbYNE6H8uQQuVA,MrBeast
UCXGgrKt94gR6lmN4aN3mYTg,http://www.youtube.com/channel/UCXGgrKt94gR6lmN4aN3mYTg,Austin Evans
UCXH1lQxzZ6Ihfh6Nokdeu0w,http://www.youtube.com/channel/UCXH1lQxzZ6Ihfh6Nokdeu0w,theawesomario
UCXKCiTquPMavBqgXgrM9mBg,http://www.youtube.com/channel/UCXKCiTquPMavBqgXgrM9mBg,Bobby Fingers
UCXOSur_wiS9TK0WUhJrYrlA,http://www.youtube.com/channel/UCXOSur_wiS9TK0WUhJrYrlA,Dammit Jeff
UCXVM4bqyzueLcngBN5BbfjQ,http://www.youtube.com/channel/UCXVM4bqyzueLcngBN5BbfjQ,Cc:
UCXWedpME_01FY2e39g3b4aA,http://www.youtube.com/channel/UCXWedpME_01FY2e39g3b4aA,Thousand Oaks Bible Church
UCXdDJGHM-ll-hI7dnjf3Xdg,http://www.youtube.com/channel/UCXdDJGHM-ll-hI7dnjf3Xdg,Ollie Bearman
UCXeotgyAUqh7R3QdrzZvwXQ,http://www.youtube.com/channel/UCXeotgyAUqh7R3QdrzZvwXQ,Scuffed Animals
UCXg0_QwSAmekE7N-RZ_mJ7g,http://www.youtube.com/channel/UCXg0_QwSAmekE7N-RZ_mJ7g,Solo
UCXuqSBlHAE6Xw-yeJA0Tunw,http://www.youtube.com/channel/UCXuqSBlHAE6Xw-yeJA0Tunw,Linus Tech Tips
UCXvCI4YnkGhGV8ei4vE9h4A,http://www.youtube.com/channel/UCXvCI4YnkGhGV8ei4vE9h4A,Jose.elcook
UCY1kMZp36IQSyNx_9h4mpCg,http://www.youtube.com/channel/UCY1kMZp36IQSyNx_9h4mpCg,Mark Rober
UCY30JRSgfhYXA6i6xX1erWg,http://www.youtube.com/channel/UCY30JRSgfhYXA6i6xX1erWg,Smosh
UCY8OUXFpAlcgAfa7yKjy8Ug,http://www.youtube.com/channel/UCY8OUXFpAlcgAfa7yKjy8Ug,TheFakeSullyG
UCY8SLLJjWpS4sx1dEqECaIw,http://www.youtube.com/channel/UCY8SLLJjWpS4sx1dEqECaIw,Tyler Oliveira
UCYAwbbBxi5_LK8WVrD10SUw,http://www.youtube.com/channel/UCYAwbbBxi5_LK8WVrD10SUw,Wesk Retro-fit
UCYEeBT0ym9KjoVloYuyMO6A,http://www.youtube.com/channel/UCYEeBT0ym9KjoVloYuyMO6A,Oscar Piastri
UCYGuRlm5zN7TTtLf-VDQ3IQ,http://www.youtube.com/channel/UCYGuRlm5zN7TTtLf-VDQ3IQ,White Tyler The Creator
UCYJFStLR69kJsM7ZTTHvYgg,http://www.youtube.com/channel/UCYJFStLR69kJsM7ZTTHvYgg,Lewis Hamilton Vlogs
UCYJPby9DRCteedh5tfxVbrw,http://www.youtube.com/channel/UCYJPby9DRCteedh5tfxVbrw,Smosh Pit
UCYQT13AtrJC0gsM1far_zJg,http://www.youtube.com/channel/UCYQT13AtrJC0gsM1far_zJg,FlyingKitty
UCYSvX0lqo-ZinYNQSHVCqlQ,http://www.youtube.com/channel/UCYSvX0lqo-ZinYNQSHVCqlQ,The Chalkeaters
UCYUPD1QyZStSkdRvG9FPQ4A,http://www.youtube.com/channel/UCYUPD1QyZStSkdRvG9FPQ4A,Bento Club
UCYupfa6VDMgb9gnCFG0AFZQ,http://www.youtube.com/channel/UCYupfa6VDMgb9gnCFG0AFZQ,Xavier BronxHalo Fernandez
UCYwFya_1KwjizvWZ5unqMyg,http://www.youtube.com/channel/UCYwFya_1KwjizvWZ5unqMyg,Bercy30
UCYwRPV5Wi6C00HE3Yl2Qlqg,http://www.youtube.com/channel/UCYwRPV5Wi6C00HE3Yl2Qlqg,Lemmy
UCZ5XnGb-3t7jCkXdawN2tkA,http://www.youtube.com/channel/UCZ5XnGb-3t7jCkXdawN2tkA,Discord
UCZBdaKw97n3P9qWeP6rs_7g,http://www.youtube.com/channel/UCZBdaKw97n3P9qWeP6rs_7g,planet clue
UCZDIw19Q_-Up9s8Xxxoj9-Q,http://www.youtube.com/channel/UCZDIw19Q_-Up9s8Xxxoj9-Q,Dom Hennequin
UCZLh2G7XhVdv1sOj9g0keVQ,http://www.youtube.com/channel/UCZLh2G7XhVdv1sOj9g0keVQ,kenny central
UCZNdvP3DtN6U8DZurHJUONQ,http://www.youtube.com/channel/UCZNdvP3DtN6U8DZurHJUONQ,cooper2723
UCZSlfzadjnw7G419c_OJ9eg,http://www.youtube.com/channel/UCZSlfzadjnw7G419c_OJ9eg,Mrwhosetheboss Plus
UCZeKXaDbtL2GbfoB8hldseQ,http://www.youtube.com/channel/UCZeKXaDbtL2GbfoB8hldseQ,EmSwizzle
UCZpWQZgqMIROGfg_lzKlJew,http://www.youtube.com/channel/UCZpWQZgqMIROGfg_lzKlJew,Scott Hates Breath of the Wild
UCZwYLLsXM2rBtixxFAdYR1A,http://www.youtube.com/channel/UCZwYLLsXM2rBtixxFAdYR1A,pgLang
UCZzvDDvaYti8Dd8bLEiSoyQ,http://www.youtube.com/channel/UCZzvDDvaYti8Dd8bLEiSoyQ,Beast Animations
UC_0aFdwopd6yYKbLmEyWcBQ,http://www.youtube.com/channel/UC_0aFdwopd6yYKbLmEyWcBQ,SMAyden
UC_14J0EMfli2hVoBaQq0d3w,http://www.youtube.com/channel/UC_14J0EMfli2hVoBaQq0d3w,WiiLink
UC_7K5gOJJ3urQR53ltIck8w,http://www.youtube.com/channel/UC_7K5gOJJ3urQR53ltIck8w,Geography Stuff üåé
UC_BFxKkGiDkj4SvKDLc4r-w,http://www.youtube.com/channel/UC_BFxKkGiDkj4SvKDLc4r-w,Blue Scuti
UC_IpSl6O_-IRAA6fiNs05Gg,http://www.youtube.com/channel/UC_IpSl6O_-IRAA6fiNs05Gg,ABC
UC_Ir-Nz1oxf1dwNoifiRoYw,http://www.youtube.com/channel/UC_Ir-Nz1oxf1dwNoifiRoYw,Jake Paul
UC_KUGL0u4c3XrnNC2O0fNRA,http://www.youtube.com/channel/UC_KUGL0u4c3XrnNC2O0fNRA,lumbagoremix
UC_TVqp_SyG6j5hG-xVRy95A,http://www.youtube.com/channel/UC_TVqp_SyG6j5hG-xVRy95A,Skrillex
UC_UnVDztkvE1hw064XFTNSQ,http://www.youtube.com/channel/UC_UnVDztkvE1hw064XFTNSQ,BENOFTHEWEEK
UC_Uu5BwH91SmcaH66yluFfA,http://www.youtube.com/channel/UC_Uu5BwH91SmcaH66yluFfA,Story Of Undertale
UC_iUeUzozCHEReJ-shKcCYA,http://www.youtube.com/channel/UC_iUeUzozCHEReJ-shKcCYA,Internet Anarchist
UC_kRDKYrUlrbtrSiyu5Tflg,http://www.youtube.com/channel/UC_kRDKYrUlrbtrSiyu5Tflg,Daft Punk
UC_pT_Iz6XjuM-eMTlXghdfw,http://www.youtube.com/channel/UC_pT_Iz6XjuM-eMTlXghdfw,Max the Meat Guy
UC_uMv3bNXwapHl8Dzf2p01Q,http://www.youtube.com/channel/UC_uMv3bNXwapHl8Dzf2p01Q,Lil Nas X
UCa1P2iy3-yGf4tA6PlrAEvQ,http://www.youtube.com/channel/UCa1P2iy3-yGf4tA6PlrAEvQ,Toon Desk
UCa3GFKXgVnH5wQxZWRQRnSA,http://www.youtube.com/channel/UCa3GFKXgVnH5wQxZWRQRnSA,abdoulupnext
UCa4r1BuEBrVzPXuQ7KReIYw,http://www.youtube.com/channel/UCa4r1BuEBrVzPXuQ7KReIYw,Jake Paul
UCa6S_fqxm8iGaRywGcgShEg,http://www.youtube.com/channel/UCa6S_fqxm8iGaRywGcgShEg,Pig
UCa6TeYZ2DlueFRne5DyAnyg,http://www.youtube.com/channel/UCa6TeYZ2DlueFRne5DyAnyg,Grandayy
UCa6vGFO9ty8v5KZJXQxdhaw,http://www.youtube.com/channel/UCa6vGFO9ty8v5KZJXQxdhaw,Jimmy Kimmel Live
UCa8W2_uf81Ew6gYuw0VPSeA,http://www.youtube.com/channel/UCa8W2_uf81Ew6gYuw0VPSeA,Juxtopposed
UCaC3GsUi4NuY_IGVzhMA11A,http://www.youtube.com/channel/UCaC3GsUi4NuY_IGVzhMA11A,Polygon Donut
UCaE8wcoknscuxnmYzhP3TYg,http://www.youtube.com/channel/UCaE8wcoknscuxnmYzhP3TYg,GetMadz Lite
UCaMnAKF8cSvslIiuZc8CbNQ,http://www.youtube.com/channel/UCaMnAKF8cSvslIiuZc8CbNQ,Bringus Studios Live
UCaTxfj0BzL-MaCy-YUqPRoQ,http://www.youtube.com/channel/UCaTxfj0BzL-MaCy-YUqPRoQ,THE RACE
UCaXVu--bj8dT-kdTAbcw65g,http://www.youtube.com/channel/UCaXVu--bj8dT-kdTAbcw65g,TheAwesomeMario
UCaZ2jG4qd1vY-Tkwiq9FBlw,http://www.youtube.com/channel/UCaZ2jG4qd1vY-Tkwiq9FBlw,Rich Black Guy
UCamjnFmK1_lsTWJGWzkC8ew,http://www.youtube.com/channel/UCamjnFmK1_lsTWJGWzkC8ew,Dapz
UCaqi3SRvGTlPptx0ns90UOA,http://www.youtube.com/channel/UCaqi3SRvGTlPptx0ns90UOA,Rabbert
UCaut53cnrdipyo47R-a3tEw,http://www.youtube.com/channel/UCaut53cnrdipyo47R-a3tEw,ERB2
UCb31gOY6OD8ES0zP8M0GhAw,http://www.youtube.com/channel/UCb31gOY6OD8ES0zP8M0GhAw,Max Fosh
UCb53hRtz2oOUHNBtlv_ij5Q,http://www.youtube.com/channel/UCb53hRtz2oOUHNBtlv_ij5Q,How It's Slop
UCbBCTTKu4wvr5r5RAtcj5yw,http://www.youtube.com/channel/UCbBCTTKu4wvr5r5RAtcj5yw,_LUMBAGO_
UCbCJmNKAL85O1VFeD6Wj60g,http://www.youtube.com/channel/UCbCJmNKAL85O1VFeD6Wj60g,Bayashi TV
UCbEq87cddnEqwoKLD-x-tiQ,http://www.youtube.com/channel/UCbEq87cddnEqwoKLD-x-tiQ,Handy863
UCbFy8y6o3pqDFGOcaJHFmTg,http://www.youtube.com/channel/UCbFy8y6o3pqDFGOcaJHFmTg,Bubbly279
UCbYuac9ZEGFNuqSaOV48Uaw,http://www.youtube.com/channel/UCbYuac9ZEGFNuqSaOV48Uaw,yooodamon
UCbZwpdul2Oa5Fl6hxllcSzA,http://www.youtube.com/channel/UCbZwpdul2Oa5Fl6hxllcSzA,The Roots
UCbabUTCLH4kSJnoFl5RhbtA,http://www.youtube.com/channel/UCbabUTCLH4kSJnoFl5RhbtA,Lou Holly
UCbe4uwVthVsNhd7TF-mjj4A,http://www.youtube.com/channel/UCbe4uwVthVsNhd7TF-mjj4A,Borkus Time
UCbgXi8uaNyf8ifThVBPuKoQ,http://www.youtube.com/channel/UCbgXi8uaNyf8ifThVBPuKoQ,SJohnsonVoiceOvers
UCblfuW_4rakIf2h6aqANefA,http://www.youtube.com/channel/UCblfuW_4rakIf2h6aqANefA,Red Bull
UCblu07wdffUQpNB3s_T6SFA,http://www.youtube.com/channel/UCblu07wdffUQpNB3s_T6SFA,AlienMyth64
UCbpqhOEGlI-1lS4GfAeV2vA,http://www.youtube.com/channel/UCbpqhOEGlI-1lS4GfAeV2vA,Soulja Boy
UCbu2qTa75eyjwCKOugX8F6A,http://www.youtube.com/channel/UCbu2qTa75eyjwCKOugX8F6A,turd boi420
UCbyXL9mrDLBFiwM6mb_5-Sw,http://www.youtube.com/channel/UCbyXL9mrDLBFiwM6mb_5-Sw,jake paul
UCcK72Xs5DAM3mnGpyImg63Q,http://www.youtube.com/channel/UCcK72Xs5DAM3mnGpyImg63Q,Chadtronic
UCcNPbOeFo-qM0wpis8Lwdig,http://www.youtube.com/channel/UCcNPbOeFo-qM0wpis8Lwdig,spatnz
UCcXJcV1AQo7N8D_PCdjdofA,http://www.youtube.com/channel/UCcXJcV1AQo7N8D_PCdjdofA,MrGameCube
UCcjoLhqu3nyOFmdqF17LeBQ,http://www.youtube.com/channel/UCcjoLhqu3nyOFmdqF17LeBQ,BBC Three
UCcnL-VboENCeIKGh2hGtTYA,http://www.youtube.com/channel/UCcnL-VboENCeIKGh2hGtTYA,jakediditagain
UCcvWix5-G-_F6NTujI9h6mw,http://www.youtube.com/channel/UCcvWix5-G-_F6NTujI9h6mw,Shower With Spongebob
UCd15dSPPT-EhTXekA7_UNAQ,http://www.youtube.com/channel/UCd15dSPPT-EhTXekA7_UNAQ,JackSucksAtGeography
UCd4t3EEUy0LUOM4MTdjpNHA,http://www.youtube.com/channel/UCd4t3EEUy0LUOM4MTdjpNHA,The Style Theorists
UCd8iY-kEHtaB8qt8MH--zGw,http://www.youtube.com/channel/UCd8iY-kEHtaB8qt8MH--zGw,Ferrari
UCdARwhjDE5tofSrCwmg2OxA,http://www.youtube.com/channel/UCdARwhjDE5tofSrCwmg2OxA,VonFoodle
UCdC0An4ZPNr_YiFiYoVbwaw,http://www.youtube.com/channel/UCdC0An4ZPNr_YiFiYoVbwaw,Daily Dose Of Internet
UCdQ16qrtG9Fs2RKEEgSEWGw,http://www.youtube.com/channel/UCdQ16qrtG9Fs2RKEEgSEWGw,PACKGOD TV
UCdcUmdOxMrhRjKMw-BX19AA,http://www.youtube.com/channel/UCdcUmdOxMrhRjKMw-BX19AA,Niko Omilana
UCdsbXnE948yfQFopJGkt9cQ,http://www.youtube.com/channel/UCdsbXnE948yfQFopJGkt9cQ,Ironton Outdoors
UCdyMFblTjr-C2N-T5TGftQQ,http://www.youtube.com/channel/UCdyMFblTjr-C2N-T5TGftQQ,Nathan Doan Comedy
UCeC5uyF0oJcv1OWK_amxKHA,http://www.youtube.com/channel/UCeC5uyF0oJcv1OWK_amxKHA,Trickle Bickle
UCeK3rCh-b9L3MNq5DB08HGw,http://www.youtube.com/channel/UCeK3rCh-b9L3MNq5DB08HGw,Department Of Fat Juicy And Wet Defense
UCeKLuqGciqZZ5RFYk5CbqXg,http://www.youtube.com/channel/UCeKLuqGciqZZ5RFYk5CbqXg,jacknjellify
UCeV6iT4UbZMq_dZVXiYy_OA,http://www.youtube.com/channel/UCeV6iT4UbZMq_dZVXiYy_OA,Abacaba
UCe_ijwgvhtHQwQ55vsXDY8w,http://www.youtube.com/channel/UCe_ijwgvhtHQwQ55vsXDY8w,JackStauber
UCefAbzsWZE4uXU-mqQMrr4Q,http://www.youtube.com/channel/UCefAbzsWZE4uXU-mqQMrr4Q,The Retro Future
UCefKPwGZyShGZhCbaRr1U0A,http://www.youtube.com/channel/UCefKPwGZyShGZhCbaRr1U0A,RB77
UCej6bRv8lR48AEbQvdb_9Cg,http://www.youtube.com/channel/UCej6bRv8lR48AEbQvdb_9Cg,Otis McDonald
UCemAFfV1y70Wi9Qhb1JxkrA,http://www.youtube.com/channel/UCemAFfV1y70Wi9Qhb1JxkrA,Brandon Gilbert
UCewMTclBJZPaNEfbf-qYMGA,http://www.youtube.com/channel/UCewMTclBJZPaNEfbf-qYMGA,JackSucksAtLife
UCexfgeNCijYqHBAmKBpttWQ,http://www.youtube.com/channel/UCexfgeNCijYqHBAmKBpttWQ,Habibi Reacts
UCey2z8VZ7Mc0R1M5QiBU4EA,http://www.youtube.com/channel/UCey2z8VZ7Mc0R1M5QiBU4EA,Fitz and the Tantrums
UCf-z09Umbl8I21CwMpTLoyQ,http://www.youtube.com/channel/UCf-z09Umbl8I21CwMpTLoyQ,Jacob R
UCf8j4sftzb1PYJmTK46Grew,http://www.youtube.com/channel/UCf8j4sftzb1PYJmTK46Grew,Jake Paul
UCfIXdjDQH9Fau7y99_Orpjw,http://www.youtube.com/channel/UCfIXdjDQH9Fau7y99_Orpjw,Gorillaz
UCfJxmjbygyA5KEdzzZv6Pbw,http://www.youtube.com/channel/UCfJxmjbygyA5KEdzzZv6Pbw,Wizards with Guns
UCfKVWB_pOfsY-HQ2siMBn6g,http://www.youtube.com/channel/UCfKVWB_pOfsY-HQ2siMBn6g,Flipper Zero
UCfLoe5_0yg-30DglyjE2btg,http://www.youtube.com/channel/UCfLoe5_0yg-30DglyjE2btg,LilKirbs
UCfM3zsQsOnfWNUppiycmBuw,http://www.youtube.com/channel/UCfM3zsQsOnfWNUppiycmBuw,EminemMusic
UCfU-dgZ9fU0bm-1tmtWW7Mg,http://www.youtube.com/channel/UCfU-dgZ9fU0bm-1tmtWW7Mg,MasalaMonkeyGaming
UCfUFe2wPxaIyi39kWuR6KwA,http://www.youtube.com/channel/UCfUFe2wPxaIyi39kWuR6KwA,Mark's Pizzeria
UCf_lGtEQLX7fe7pClfZb2QQ,http://www.youtube.com/channel/UCf_lGtEQLX7fe7pClfZb2QQ,URIEL BRG
UCfbnTUxUech4P1XgYUwYuKA,http://www.youtube.com/channel/UCfbnTUxUech4P1XgYUwYuKA,Cold Ones
UCfgvQ-kHFIguAIcamz1A_1Q,http://www.youtube.com/channel/UCfgvQ-kHFIguAIcamz1A_1Q,sup
UCfiOvlU7hCGHl_yP_ddfyRw,http://www.youtube.com/channel/UCfiOvlU7hCGHl_yP_ddfyRw,NamCook ÎÇ®Ïø°
UCfjFVHXj_CJaMeJDLIjY1sA,http://www.youtube.com/channel/UCfjFVHXj_CJaMeJDLIjY1sA,Drevan
UCfp6mRjLUlq5Dcv__DgPqlQ,http://www.youtube.com/channel/UCfp6mRjLUlq5Dcv__DgPqlQ,Jake Paul
UCfqzWKEOmOQRiqaYxr36Epg,http://www.youtube.com/channel/UCfqzWKEOmOQRiqaYxr36Epg,jake paul
UCfw2hvuj40AChU7n-N-PRHA,http://www.youtube.com/channel/UCfw2hvuj40AChU7n-N-PRHA,Apple Explained
UCg9UZEeuqGimSS7XQPM_H5w,http://www.youtube.com/channel/UCg9UZEeuqGimSS7XQPM_H5w,bloxhead
UCgEo1zXlYoUvL9btrdR9Csg,http://www.youtube.com/channel/UCgEo1zXlYoUvL9btrdR9Csg,jschlattVODS
UCgLbXMLdSywCAPhMCdF4tog,http://www.youtube.com/channel/UCgLbXMLdSywCAPhMCdF4tog,Creepsington
UCgUKMMLc7EBrD_O2EB2VD-g,http://www.youtube.com/channel/UCgUKMMLc7EBrD_O2EB2VD-g,WorthlessFajita
UCgVQuiB8KDoNoEDRwreZ7jA,http://www.youtube.com/channel/UCgVQuiB8KDoNoEDRwreZ7jA,chillysu
UCgcSFQfonS_nAm7lQSKE0eA,http://www.youtube.com/channel/UCgcSFQfonS_nAm7lQSKE0eA,AlienMyth64DD
UCghQxkPc1nuBGINekYcAegg,http://www.youtube.com/channel/UCghQxkPc1nuBGINekYcAegg,Casually Overcomplicated
UCglDfH7aUIsNPxcBuEqfm-w,http://www.youtube.com/channel/UCglDfH7aUIsNPxcBuEqfm-w,EZRELATE
UCgq5WaSeGdFJZw8IHNOg2SQ,http://www.youtube.com/channel/UCgq5WaSeGdFJZw8IHNOg2SQ,Luna Caoimhe
UCh5GaJYmeTsGZsxmEjgUQNg,http://www.youtube.com/channel/UCh5GaJYmeTsGZsxmEjgUQNg,regretales
UChE4aVxHHk5Mx9fZ2DaPJGw,http://www.youtube.com/channel/UChE4aVxHHk5Mx9fZ2DaPJGw,Nas
UChFs0d8syPIK6x8q4C6BrJw,http://www.youtube.com/channel/UChFs0d8syPIK6x8q4C6BrJw,Nutshell Animations
UChLNLQ6r-aGrIFWo_1A9tKQ,http://www.youtube.com/channel/UChLNLQ6r-aGrIFWo_1A9tKQ,JACKSEPICYOUTUBECHANNELFULLOFFUNTIMESANDFUNHIRICKXHASNOTHINGONMEIAMTHESUPERIORCHANNELIHAVEMORECHARACTERSTHANALLOFJACKSYOUTUBECHANNELSCOMBINEDHAHAHAHAIHAVEMORECHARACTERSTHANJACKSUCKSATLIFEJACKSUCKSATSTUFFJACKMASSEYWELSHJACKSUCKSATGEOGRAPHYJACKSUCKSATCLIPSSAMSMELLSOFAPRICOTSJACKSUCKSATPOPUPPIRATEETCETCIMAGINETHISONAPLAYBUTTONJESUSCHRISTBTWPLEASESUBSCRIBETHANKYOUVERYMUCHHIRICKXxXxXX
UChP0Czq5x7XbEVrZGJia-PQ,http://www.youtube.com/channel/UChP0Czq5x7XbEVrZGJia-PQ,raxdgames
UChY9Cgv-iyPDvf1Bkyx20OQ,http://www.youtube.com/channel/UChY9Cgv-iyPDvf1Bkyx20OQ,My Mate VINCE
UCh_gOqtcMHKgkVufLmvPguA,http://www.youtube.com/channel/UCh_gOqtcMHKgkVufLmvPguA,ResponseBot
UChcgcbX3zMBwd0wTJyy2JlA,http://www.youtube.com/channel/UChcgcbX3zMBwd0wTJyy2JlA,Hikaru Utada
UChi5xyDEZQVlW6aKRAUiT3w,http://www.youtube.com/channel/UChi5xyDEZQVlW6aKRAUiT3w,Beast Network
UChp2Kv9f2MHM9ww2lcGN4Cw,http://www.youtube.com/channel/UChp2Kv9f2MHM9ww2lcGN4Cw,PurpledLIVE
UChu9NEFC_2vMzsMBfOpQ3dQ,http://www.youtube.com/channel/UChu9NEFC_2vMzsMBfOpQ3dQ,FunkyScott47
UChwAKuNBC2Bc0G26tlZBI4w,http://www.youtube.com/channel/UChwAKuNBC2Bc0G26tlZBI4w,usnavi
UCi5LWGay0KkESHzImWIIzcA,http://www.youtube.com/channel/UCi5LWGay0KkESHzImWIIzcA,kyle
UCi7wDE2ZTiR5QYYrUY5WhtA,http://www.youtube.com/channel/UCi7wDE2ZTiR5QYYrUY5WhtA,CarterPCs
UCiTfB-A55Vq2fB610vaWJVA,http://www.youtube.com/channel/UCiTfB-A55Vq2fB610vaWJVA,Justin Y.
UCiYcA0gJzg855iSKMrX3oHg,http://www.youtube.com/channel/UCiYcA0gJzg855iSKMrX3oHg,CoryxKenshin
UCilueddC3TJfp6xNjQW1B4g,http://www.youtube.com/channel/UCilueddC3TJfp6xNjQW1B4g,whirow
UCilwCtPcFy5euTFsDTnirPQ,http://www.youtube.com/channel/UCilwCtPcFy5euTFsDTnirPQ,MrDrink 
UCixZiiCvTIPt1-sD2fbEfmg,http://www.youtube.com/channel/UCixZiiCvTIPt1-sD2fbEfmg,mega_fro_girl
UCizpLbqnNbPeVL2PFds_xYA,http://www.youtube.com/channel/UCizpLbqnNbPeVL2PFds_xYA,AmusingLuis
UCj4zC1Hfj-uc90FUXzRamNw,http://www.youtube.com/channel/UCj4zC1Hfj-uc90FUXzRamNw,Phoenix SC
UCj5rXBeOTgKBGNl830ZPf_w,http://www.youtube.com/channel/UCj5rXBeOTgKBGNl830ZPf_w,Sw 
UCj6UOjxVMQQF5WA1F3KTwDQ,http://www.youtube.com/channel/UCj6UOjxVMQQF5WA1F3KTwDQ,ConnerTheWaffle
UCjBp_7RuDBUYbd1LegWEJ8g,http://www.youtube.com/channel/UCjBp_7RuDBUYbd1LegWEJ8g,Xbox
UCjEb5DZPUO_EaTeA76DpTNw,http://www.youtube.com/channel/UCjEb5DZPUO_EaTeA76DpTNw,ai sponge
UCjFSstOzzKPU8WjEySZpPvA,http://www.youtube.com/channel/UCjFSstOzzKPU8WjEySZpPvA,Y2K
UCjY7Vz1xrnL4HjwEhT-VWfA,http://www.youtube.com/channel/UCjY7Vz1xrnL4HjwEhT-VWfA,Miles Yuno
UCjgaYmHBx_anYIB_qpUK9cA,http://www.youtube.com/channel/UCjgaYmHBx_anYIB_qpUK9cA,Jake Paul
UCjhmfcfAoheUt7GZsAhGJsA,http://www.youtube.com/channel/UCjhmfcfAoheUt7GZsAhGJsA,Jake Paul
UCjinkxv899vPCJ65BWpmPIA,http://www.youtube.com/channel/UCjinkxv899vPCJ65BWpmPIA,Scott's Snippets
UCjlYj5yWcyTyRMR4Q0fqLPw,http://www.youtube.com/channel/UCjlYj5yWcyTyRMR4Q0fqLPw,TiltCR
UCjztW-DlDg05_YM6-oTJTPA,http://www.youtube.com/channel/UCjztW-DlDg05_YM6-oTJTPA,Jonny RaZeR
UCk-PPUZtKgj-GuyVaXSrhVQ,http://www.youtube.com/channel/UCk-PPUZtKgj-GuyVaXSrhVQ,TheRealSullyG
UCk11PImd3bl9aUYG_VJpS-A,http://www.youtube.com/channel/UCk11PImd3bl9aUYG_VJpS-A,__AI_Sponge
UCk7J8uoy0aVBDgQCw9YMlLg,http://www.youtube.com/channel/UCk7J8uoy0aVBDgQCw9YMlLg,Starry
UCkSVnUZq3q14lVajaQAlLpA,http://www.youtube.com/channel/UCkSVnUZq3q14lVajaQAlLpA,Nathan Espinoza
UCkXVK-XrnwznaqYx0aKGAtg,http://www.youtube.com/channel/UCkXVK-XrnwznaqYx0aKGAtg,Aquarium Info
UCkowLGphRyJEH5LR4A2Z-_g,http://www.youtube.com/channel/UCkowLGphRyJEH5LR4A2Z-_g,TheInfamousEDP
UCkxSHgUf6_J7Y-k3QvCB_rg,http://www.youtube.com/channel/UCkxSHgUf6_J7Y-k3QvCB_rg,ttdu08
UClG8odDC8TS6Zpqk9CGVQiQ,http://www.youtube.com/channel/UClG8odDC8TS6Zpqk9CGVQiQ,Fortnite
UClQ_7cx4yVLeNrOpaHdC7Zg,http://www.youtube.com/channel/UClQ_7cx4yVLeNrOpaHdC7Zg,Dylan Jardon
UClVY6MdQxTZUaMDL-dLQDcw,http://www.youtube.com/channel/UClVY6MdQxTZUaMDL-dLQDcw,Ty Dolla $ign
UClVsQnfs-jKkjKmUKUHnT2g,http://www.youtube.com/channel/UClVsQnfs-jKkjKmUKUHnT2g,Êó•ÁµåCNBC
UClfLmmxQVEX8SauwFlfPpog,http://www.youtube.com/channel/UClfLmmxQVEX8SauwFlfPpog,Big Nibbles
UCll_cO3za2bsnF1AMMw-rzw,http://www.youtube.com/channel/UCll_cO3za2bsnF1AMMw-rzw,AtticusShafferVlog
UCllm3HivMERwu2x2Sjz5EIg,http://www.youtube.com/channel/UCllm3HivMERwu2x2Sjz5EIg,Vargskelethor Joel
UClo-m7j8vY05RUIduXqyjHw,http://www.youtube.com/channel/UClo-m7j8vY05RUIduXqyjHw,PlainrockVlogs
UClsFdM0HzTdF1JYoraQ0aUw,http://www.youtube.com/channel/UClsFdM0HzTdF1JYoraQ0aUw,Brick Experiment Channel
UCltjVaXDBgLSO5ImsyYNrfw,http://www.youtube.com/channel/UCltjVaXDBgLSO5ImsyYNrfw,Fortye
UCm-LzzebqoorogWkoKy00cg,http://www.youtube.com/channel/UCm-LzzebqoorogWkoKy00cg,Afferdin
UCm1u5sL4malaHtP35cuGaLw,http://www.youtube.com/channel/UCm1u5sL4malaHtP35cuGaLw,Jake Paul
UCmBA_wu8xGg1OfOkfW13Q0Q,http://www.youtube.com/channel/UCmBA_wu8xGg1OfOkfW13Q0Q,Bad Bunny
UCmF08txzQzecxKcvmoJLKsw,http://www.youtube.com/channel/UCmF08txzQzecxKcvmoJLKsw,Suh
UCmOiT9ZnSvLZ1XMBFjGiNmQ,http://www.youtube.com/channel/UCmOiT9ZnSvLZ1XMBFjGiNmQ,‚Äå
UCmdmZp1K_kjXYBKgyqg_5LA,http://www.youtube.com/channel/UCmdmZp1K_kjXYBKgyqg_5LA,Daily Dose of Gaming
UCmfJPEfaEMGTu6CaJNr0AEQ,http://www.youtube.com/channel/UCmfJPEfaEMGTu6CaJNr0AEQ,Doodley
UCmjymvhGglJdFaAzhPrxkOQ,http://www.youtube.com/channel/UCmjymvhGglJdFaAzhPrxkOQ,BeastChild
UCmlsu3V3SzIm2Jmo0S0qiMg,http://www.youtube.com/channel/UCmlsu3V3SzIm2Jmo0S0qiMg,TechRax
UCmm3qhYkdW699stV_28TQpw,http://www.youtube.com/channel/UCmm3qhYkdW699stV_28TQpw,Scott's Stash
UCmvXfmJEtURCEtHNbMXfDqg,http://www.youtube.com/channel/UCmvXfmJEtURCEtHNbMXfDqg,hotdiggedydemon
UCn-K7GIs62ENvdQe6ZZk9-w,http://www.youtube.com/channel/UCn-K7GIs62ENvdQe6ZZk9-w,Pogo
UCn5geEu0o8uZHd6QWL2yiNQ,http://www.youtube.com/channel/UCn5geEu0o8uZHd6QWL2yiNQ,Lando Norris Plays
UCnHT2qLuXqwZ2V1AhQwPQMQ,http://www.youtube.com/channel/UCnHT2qLuXqwZ2V1AhQwPQMQ,Matt From Wii Sports
UCnPCMmX6_r2L71PhBE4Jp1A,http://www.youtube.com/channel/UCnPCMmX6_r2L71PhBE4Jp1A,Lupe Ge
UCnU7pLon6r_JP5prVf_4ahw,http://www.youtube.com/channel/UCnU7pLon6r_JP5prVf_4ahw,TheNinjaSlime
UCn_FAXem2-e3HQvmK-mOH4g,http://www.youtube.com/channel/UCn_FAXem2-e3HQvmK-mOH4g,GLITCH
UCnc6db-y3IU7CkT_yeVXdVg,http://www.youtube.com/channel/UCnc6db-y3IU7CkT_yeVXdVg,J. Cole
UCnfWi7eVPFm8xGWfBT1zjeQ,http://www.youtube.com/channel/UCnfWi7eVPFm8xGWfBT1zjeQ,cdotkom
UCnvzajWXCAOAq_Y1jNLFQXg,http://www.youtube.com/channel/UCnvzajWXCAOAq_Y1jNLFQXg,Joe Porter
UCnzZe3WLrDGaPwhLgMcMp1A,http://www.youtube.com/channel/UCnzZe3WLrDGaPwhLgMcMp1A,OnThatNote
UCo8bcnLyZH8tBIH9V1mLgqQ,http://www.youtube.com/channel/UCo8bcnLyZH8tBIH9V1mLgqQ,TheOdd1sOut
UCoA_cEhtRi07_12Ib_k3yuw,http://www.youtube.com/channel/UCoA_cEhtRi07_12Ib_k3yuw,PUSHA T
UCoNPsL8j28yfKRu6e7YUhPA,http://www.youtube.com/channel/UCoNPsL8j28yfKRu6e7YUhPA,Kid Cudi
UCoNRSwYHJdy-yV1b82ZdHfQ,http://www.youtube.com/channel/UCoNRSwYHJdy-yV1b82ZdHfQ,SethEverman
UCoTf_WGRDmnGjxMLolYWXzw,http://www.youtube.com/channel/UCoTf_WGRDmnGjxMLolYWXzw,tachophobicat
UCoUM-UJ7rirJYP8CQ0EIaHA,http://www.youtube.com/channel/UCoUM-UJ7rirJYP8CQ0EIaHA,Bruno Mars
UCo_IB5145EVNcf8hw1Kku7w,http://www.youtube.com/channel/UCo_IB5145EVNcf8hw1Kku7w,The Game Theorists
UCobNHsxWdWDFCuPqHoBmyUw,http://www.youtube.com/channel/UCobNHsxWdWDFCuPqHoBmyUw,lazykh
UCosvv7b6zTML4lF2uMceiKw,http://www.youtube.com/channel/UCosvv7b6zTML4lF2uMceiKw,smoothieflip
UCotH6CTnRmQPAjfmH9wwARg,http://www.youtube.com/channel/UCotH6CTnRmQPAjfmH9wwARg,Abdul Cisse
UCovEKFczKZvaS7RzhtDZ6zw,http://www.youtube.com/channel/UCovEKFczKZvaS7RzhtDZ6zw,dogweb
UCoxcjq-8xIDTYp3uz647V5A,http://www.youtube.com/channel/UCoxcjq-8xIDTYp3uz647V5A,Numberphile
UCoyoExfPuWemoROhLzExDzA,http://www.youtube.com/channel/UCoyoExfPuWemoROhLzExDzA,AI Parodies
UCp2pLVMRCTCJh6WlQdFrH-A,http://www.youtube.com/channel/UCp2pLVMRCTCJh6WlQdFrH-A,Lumpy Touch
UCp85B-edweLpB6t1BwuNa3Q,http://www.youtube.com/channel/UCp85B-edweLpB6t1BwuNa3Q,jack & will
UCpCJRHoggwXQhuFbW4gjM_w,http://www.youtube.com/channel/UCpCJRHoggwXQhuFbW4gjM_w,JackSucksAtPopUpPirate
UCpJbcgI_kSS6xujP-HFzzAA,http://www.youtube.com/channel/UCpJbcgI_kSS6xujP-HFzzAA,Ryan K. Hudson
UCpLw_vyY6pDFIKhPGTSTLKw,http://www.youtube.com/channel/UCpLw_vyY6pDFIKhPGTSTLKw,tamago2474
UCpSX7qYptsh258zjMbD0tjg,http://www.youtube.com/channel/UCpSX7qYptsh258zjMbD0tjg,ai_sponge
UCpbtvPC8dU2LiaxojZAV_7A,http://www.youtube.com/channel/UCpbtvPC8dU2LiaxojZAV_7A,Jake Paul
UCpsnyRi032QHuYHNJmpZNQA,http://www.youtube.com/channel/UCpsnyRi032QHuYHNJmpZNQA,David Joaq
UCq0Hi7HpCBCNeKpdKKcQqGQ,http://www.youtube.com/channel/UCq0Hi7HpCBCNeKpdKKcQqGQ,Baby Keem
UCq6VFHwMzcMXbuKyG7SQYIg,http://www.youtube.com/channel/UCq6VFHwMzcMXbuKyG7SQYIg,penguinz0
UCq8DICunczvLuJJq414110A,http://www.youtube.com/channel/UCq8DICunczvLuJJq414110A,Zach King
UCqDS7KWjAPKv-7ZSlro9OiQ,http://www.youtube.com/channel/UCqDS7KWjAPKv-7ZSlro9OiQ,thegameawards
UCqFzWxSCi39LnW1JKFR3efg,http://www.youtube.com/channel/UCqFzWxSCi39LnW1JKFR3efg,Saturday Night Live
UCqKnghh18Lc0DwwRBlOkZHw,http://www.youtube.com/channel/UCqKnghh18Lc0DwwRBlOkZHw,doober43
UCqaU6hYa4NMX1LPUys01aDA,http://www.youtube.com/channel/UCqaU6hYa4NMX1LPUys01aDA,old ryan vids
UCqe302wdmCs-K12hF8dzoww,http://www.youtube.com/channel/UCqe302wdmCs-K12hF8dzoww,
UCqmugCqELzhIMNYnsjScXXw,http://www.youtube.com/channel/UCqmugCqELzhIMNYnsjScXXw,Vsauce2
UCqnwDvg9gWcgTGKVzt6pJ0w,http://www.youtube.com/channel/UCqnwDvg9gWcgTGKVzt6pJ0w,Jake Paul
UCqvpFAiRcY96CjKwiGHgwpg,http://www.youtube.com/channel/UCqvpFAiRcY96CjKwiGHgwpg,Gooseworx
UCr1fdFXztwacnJ206hMgG7w,http://www.youtube.com/channel/UCr1fdFXztwacnJ206hMgG7w,Cas van de Pol
UCr3MD9Nr1t0yXb8SqmbzR4Q,http://www.youtube.com/channel/UCr3MD9Nr1t0yXb8SqmbzR4Q,Glenn Draper
UCr613nJgA50o8DUUT00qHvw,http://www.youtube.com/channel/UCr613nJgA50o8DUUT00qHvw,WULFF DEN
UCr8ZsAqtlMsx3iQhuzk_6MQ,http://www.youtube.com/channel/UCr8ZsAqtlMsx3iQhuzk_6MQ,OREWAYASUKE
UCr8t0PrQ1gZkLs53lE-HTpw,http://www.youtube.com/channel/UCr8t0PrQ1gZkLs53lE-HTpw,Mightykeef
UCrEWFI7E6Vn_pWUxjwA6PcA,http://www.youtube.com/channel/UCrEWFI7E6Vn_pWUxjwA6PcA,Angelia Mor
UCrZKnWgOaYTTc7sc1KsVXZw,http://www.youtube.com/channel/UCrZKnWgOaYTTc7sc1KsVXZw,No Context JackSucksAtLife
UCrfRX1SX7jYVMZHtx8aahaw,http://www.youtube.com/channel/UCrfRX1SX7jYVMZHtx8aahaw,Japancommercials4U2
UCrli1kM6slUw4G1FV2Xp5vQ,http://www.youtube.com/channel/UCrli1kM6slUw4G1FV2Xp5vQ,VoiceoverPete
UCrq6yhNeh6bukPaZI6i0U7w,http://www.youtube.com/channel/UCrq6yhNeh6bukPaZI6i0U7w,this is a cool game
UCrqcO8Vh-nM2fWFZnT1ss7A,http://www.youtube.com/channel/UCrqcO8Vh-nM2fWFZnT1ss7A,INDYCAR On FOX
UCrubey1wynXddSM6xLQYLGQ,http://www.youtube.com/channel/UCrubey1wynXddSM6xLQYLGQ,Universal Music Japan International
UCs6eXM7s8Vl5WcECcRHc2qQ,http://www.youtube.com/channel/UCs6eXM7s8Vl5WcECcRHc2qQ,Kanye West
UCsCWxHukxMUxJABZglzzOdA,http://www.youtube.com/channel/UCsCWxHukxMUxJABZglzzOdA,Content Machine
UCsJ5znY0nsAZgFVeFm8jwFg,http://www.youtube.com/channel/UCsJ5znY0nsAZgFVeFm8jwFg,DannyDoughBallz
UCsQBsZJltmLzlsJNG7HevBg,http://www.youtube.com/channel/UCsQBsZJltmLzlsJNG7HevBg,"Tyler, The Creator"
UCs_sPrxQPq268JmVQa3Zyvw,http://www.youtube.com/channel/UCs_sPrxQPq268JmVQa3Zyvw,Zack Bone Productions
UCscYK_arxSO9BkrZDbnEdqg,http://www.youtube.com/channel/UCscYK_arxSO9BkrZDbnEdqg,David Frank
UCsdrJvXcJZkYG5ttD3ljokA,http://www.youtube.com/channel/UCsdrJvXcJZkYG5ttD3ljokA,Nothin' But Lag
UCsfsTztDWoqfxZuWRMJr4ow,http://www.youtube.com/channel/UCsfsTztDWoqfxZuWRMJr4ow,beast
UCsnVnnNneaz0E7aQPD_o0BQ,http://www.youtube.com/channel/UCsnVnnNneaz0E7aQPD_o0BQ,Value Select
UCsoIIWqR_2OAegsUTkY5E1g,http://www.youtube.com/channel/UCsoIIWqR_2OAegsUTkY5E1g,Schlatt & Co.
UCt-GOpCw4dOBlIyqL9A1ztA,http://www.youtube.com/channel/UCt-GOpCw4dOBlIyqL9A1ztA,Sr Pelo
UCt5S_n2LFP5iC45d6eQ7QtA,http://www.youtube.com/channel/UCt5S_n2LFP5iC45d6eQ7QtA,DYEBONES
UCt7E8Qpue2TU9Yh47vkEbsQ,http://www.youtube.com/channel/UCt7E8Qpue2TU9Yh47vkEbsQ,Dolan Dark
UCt7fwAhXDy3oNFTAzF2o8Pw,http://www.youtube.com/channel/UCt7fwAhXDy3oNFTAzF2o8Pw,theneedledrop
UCt8fE_x4ZJFhQegxYQpq5RA,http://www.youtube.com/channel/UCt8fE_x4ZJFhQegxYQpq5RA,Back\Slash
UCtGicLkT8fW5wipn2Ko3CdA,http://www.youtube.com/channel/UCtGicLkT8fW5wipn2Ko3CdA,Ekaterina
UCtLZ6qQgB-EwQy5HWIo3X-w,http://www.youtube.com/channel/UCtLZ6qQgB-EwQy5HWIo3X-w,Nico Rosberg
UCtMVHI3AJD4Qk4hcbZnI9ZQ,http://www.youtube.com/channel/UCtMVHI3AJD4Qk4hcbZnI9ZQ,SomeOrdinaryGamers
UCteWY1CwoRACeWE2HXs-SRw,http://www.youtube.com/channel/UCteWY1CwoRACeWE2HXs-SRw,The 99 Store
UCtfPOR91F1TwEqD9hhOkKaw,http://www.youtube.com/channel/UCtfPOR91F1TwEqD9hhOkKaw,daangdamon
UCti5G1mVK-jqzBLnOygQDRQ,http://www.youtube.com/channel/UCti5G1mVK-jqzBLnOygQDRQ,Kyle Istook
UCttuFrVLsD5gK-DI-FcBXOQ,http://www.youtube.com/channel/UCttuFrVLsD5gK-DI-FcBXOQ,Intaxous
UCtuGozGshjqqErhHGEmHnJw,http://www.youtube.com/channel/UCtuGozGshjqqErhHGEmHnJw,Jack √ú
UCtxD0x6AuNNqdXO9Wp5GHew,http://www.youtube.com/channel/UCtxD0x6AuNNqdXO9Wp5GHew,UR ¬∑ Cristiano
UCtxbV-l2t708Y4tkGSn2IZg,http://www.youtube.com/channel/UCtxbV-l2t708Y4tkGSn2IZg,Bundun
UCtylTUUVIGY_i5afsQYeBZA,http://www.youtube.com/channel/UCtylTUUVIGY_i5afsQYeBZA,Lyrical Lemonade
UCtypqcY47sMjtaZyfLVUWgw,http://www.youtube.com/channel/UCtypqcY47sMjtaZyfLVUWgw,Erik Hillinger 3D
UCu5XfMAYqq3pTmd-Pj-bI5g,http://www.youtube.com/channel/UCu5XfMAYqq3pTmd-Pj-bI5g,Buzz Lighthole
UCu9sYmfPNydPJFqLLTdmxvA,http://www.youtube.com/channel/UCu9sYmfPNydPJFqLLTdmxvA,KOT4Q
UCuEMB9XmEsV-ZoomOralQKQ,http://www.youtube.com/channel/UCuEMB9XmEsV-ZoomOralQKQ,Chiptuner
UCuEZoiz0pkYukS_lREgxQjw,http://www.youtube.com/channel/UCuEZoiz0pkYukS_lREgxQjw,Andrew
UCuM3I_LQRq3Eno8lnR-_aSA,http://www.youtube.com/channel/UCuM3I_LQRq3Eno8lnR-_aSA,Kirk904
UCuMeNhqbj5kQvu9MknySyzQ,http://www.youtube.com/channel/UCuMeNhqbj5kQvu9MknySyzQ,Jake Paul
UCuMjCvjZ9d2s4ZakmyxL4fQ,http://www.youtube.com/channel/UCuMjCvjZ9d2s4ZakmyxL4fQ,Chicken
UCuQ-ESycPMAjHp44AaQtRYQ,http://www.youtube.com/channel/UCuQ-ESycPMAjHp44AaQtRYQ,King Science
UCuVQmkiETvqmLviDcBtQw4A,http://www.youtube.com/channel/UCuVQmkiETvqmLviDcBtQw4A,Nothing
UCudh_8EbxBe4vp8Irk-60iQ,http://www.youtube.com/channel/UCudh_8EbxBe4vp8Irk-60iQ,Jamesvlogandstuff
UCufzX8bG4LkzqKEm7J7W7UA,http://www.youtube.com/channel/UCufzX8bG4LkzqKEm7J7W7UA,The Drum Thing
UCujVv-_2NBxrt8kDq445OBg,http://www.youtube.com/channel/UCujVv-_2NBxrt8kDq445OBg,RL studios
UCuriCa9loP_OsH75_5j8M5w,http://www.youtube.com/channel/UCuriCa9loP_OsH75_5j8M5w,JablinskiGames
UCv5mo0iXze8aKFjvdp51Fjg,http://www.youtube.com/channel/UCv5mo0iXze8aKFjvdp51Fjg,Timeworks
UCvBHFNnPXt_re1WSdsennJg,http://www.youtube.com/channel/UCvBHFNnPXt_re1WSdsennJg,Hungrybox
UCvCio17wd00NVwzkbI53VMw,http://www.youtube.com/channel/UCvCio17wd00NVwzkbI53VMw,No Bitrate
UCvGKJnAW_aOoZ8RdLkaQURg,http://www.youtube.com/channel/UCvGKJnAW_aOoZ8RdLkaQURg,Teddle
UCvQcMlXzM9JdAgzkBo1B0Ew,http://www.youtube.com/channel/UCvQcMlXzM9JdAgzkBo1B0Ew,Intocable Experience
UCvUmwreRrbxeR1mbmojj8fg,http://www.youtube.com/channel/UCvUmwreRrbxeR1mbmojj8fg,SomeThingElseYT
UCvZUv-6pIuOvziLLrna8oog,http://www.youtube.com/channel/UCvZUv-6pIuOvziLLrna8oog,Yoyle Cake
UCvcplsTRwg3WvZcm8TvOjdQ,http://www.youtube.com/channel/UCvcplsTRwg3WvZcm8TvOjdQ,Yuni Kagekira And‚Ä¶
UCvdBzm8DPlyi8KUe4F1e4tQ,http://www.youtube.com/channel/UCvdBzm8DPlyi8KUe4F1e4tQ,Brad_Podray
UCve-PsYPHSjm9E5b9OpXsrw,http://www.youtube.com/channel/UCve-PsYPHSjm9E5b9OpXsrw,DaBomb!
UCvj3hNvwrEgTRkeut7_cBAQ,http://www.youtube.com/channel/UCvj3hNvwrEgTRkeut7_cBAQ,JiDion
UCvuOR8DM8ZNOEIX9laxarIA,http://www.youtube.com/channel/UCvuOR8DM8ZNOEIX9laxarIA,StickmenUniversity
UCvu_BE1wWyjatsMIwUPTjHA,http://www.youtube.com/channel/UCvu_BE1wWyjatsMIwUPTjHA,x
UCvulgQYQPPUMwCs7tKMXO0g,http://www.youtube.com/channel/UCvulgQYQPPUMwCs7tKMXO0g,Adrian Gray Comedy
UCvvMe-A4FbvtMk-V_vE9PpQ,http://www.youtube.com/channel/UCvvMe-A4FbvtMk-V_vE9PpQ,OFWGKTA
UCvz84_Q0BbvZThy75mbd-Dg,http://www.youtube.com/channel/UCvz84_Q0BbvZThy75mbd-Dg,Zack D. Films
UCw-ipyIc9gUWunmswPRYVAA,http://www.youtube.com/channel/UCw-ipyIc9gUWunmswPRYVAA,Checo P√©rez
UCw3Iw_R6ZYVeohYHQ4vq5hQ,http://www.youtube.com/channel/UCw3Iw_R6ZYVeohYHQ4vq5hQ,Batarong
UCwFIQ7wtJzYGFb2nZcVoNww,http://www.youtube.com/channel/UCwFIQ7wtJzYGFb2nZcVoNww,Lando Norris
UCwJ3jufubi5oQRu6aY9vFWw,http://www.youtube.com/channel/UCwJ3jufubi5oQRu6aY9vFWw,LEGO Fortnite
UCwMLR7fG6A7KIxoQ09IIoyA,http://www.youtube.com/channel/UCwMLR7fG6A7KIxoQ09IIoyA,Yuno Miles
UCwQOKgQ-2k4Ar7QFcF0EcTg,http://www.youtube.com/channel/UCwQOKgQ-2k4Ar7QFcF0EcTg,Michael Storen
UCwU7U7PiarcJKLjDJTnANjw,http://www.youtube.com/channel/UCwU7U7PiarcJKLjDJTnANjw,FIA World Endurance Championship
UCwboyKXJkCiHajQorzh-agQ,http://www.youtube.com/channel/UCwboyKXJkCiHajQorzh-agQ,Poofesure
UCwhsBSs6XYV3fB9IM5Xqkzg,http://www.youtube.com/channel/UCwhsBSs6XYV3fB9IM5Xqkzg,Yuno Miles
UCwhvRKqaBPdvjd-N_al6DQw,http://www.youtube.com/channel/UCwhvRKqaBPdvjd-N_al6DQw,Nintendo Songs
UCwlRVT6TQBXsh_uX3GTvaTw,http://www.youtube.com/channel/UCwlRVT6TQBXsh_uX3GTvaTw,Bathaniel Nandy
UCwmFOfFuvRPI112vR5DNnrA,http://www.youtube.com/channel/UCwmFOfFuvRPI112vR5DNnrA,Vsauce3
UCwtrawRZF6nIh3S6Yj--Yqw,http://www.youtube.com/channel/UCwtrawRZF6nIh3S6Yj--Yqw,MightyKeef EXP
UCwvCvC-905EpvA9lqdi7GjA,http://www.youtube.com/channel/UCwvCvC-905EpvA9lqdi7GjA,Spectre
UCwvrVuFiKDuZl1AUM-pTKKA,http://www.youtube.com/channel/UCwvrVuFiKDuZl1AUM-pTKKA,Fernando Alonso (Oficial)
UCx6cailiCkg_mlMM7JX5yfA,http://www.youtube.com/channel/UCx6cailiCkg_mlMM7JX5yfA,James Channel
UCxB7jMnHekMzHsOl9iZpXrA,http://www.youtube.com/channel/UCxB7jMnHekMzHsOl9iZpXrA,Danny Rayes
UCxC8DDHjcxkj2rUjiZi3XPA,http://www.youtube.com/channel/UCxC8DDHjcxkj2rUjiZi3XPA,LiLMan Von
UCxLIJccyaRQDeyu6RzUsPuw,http://www.youtube.com/channel/UCxLIJccyaRQDeyu6RzUsPuw,JackSucksAtStuff
UCx_JS-Fzrq-bXUYP0mk9Zag,http://www.youtube.com/channel/UCx_JS-Fzrq-bXUYP0mk9Zag,Humany
UCxaaULLk6UCnRl5VKRc7G0A,http://www.youtube.com/channel/UCxaaULLk6UCnRl5VKRc7G0A,No Text To Speech
UCxd4hpNx9Bzcsa3tBhQohWw,http://www.youtube.com/channel/UCxd4hpNx9Bzcsa3tBhQohWw,6GOLF6WANG6
UCxd6ifFZycyUB45d2t9VPQw,http://www.youtube.com/channel/UCxd6ifFZycyUB45d2t9VPQw,TheMermaidscales
UCxjed_t48i5rjTjVcxIwkeg,http://www.youtube.com/channel/UCxjed_t48i5rjTjVcxIwkeg,ChefKennyeats
UCxmh9CHjpMmQGFHvZQt0GTQ,http://www.youtube.com/channel/UCxmh9CHjpMmQGFHvZQt0GTQ,joost klein
UCxxigFpZWfk2vXf-mtWuS9g,http://www.youtube.com/channel/UCxxigFpZWfk2vXf-mtWuS9g,Jake Paul
UCyFcxmkcQernyo0PmddhtGA,http://www.youtube.com/channel/UCyFcxmkcQernyo0PmddhtGA,wavetro
UCySjheRcVJ21B3Jo3HcWMTQ,http://www.youtube.com/channel/UCySjheRcVJ21B3Jo3HcWMTQ,Antenna Man
UCyWDmyZRjrGHeKF-ofFsT5Q,http://www.youtube.com/channel/UCyWDmyZRjrGHeKF-ofFsT5Q,Internet Comment Etiquette with Erik
UCyktGLVQchOpvKgL7GShDWA,http://www.youtube.com/channel/UCyktGLVQchOpvKgL7GShDWA,Jack Massey Welsh
UCym_AG0fWkK6oazYp6ye_8w,http://www.youtube.com/channel/UCym_AG0fWkK6oazYp6ye_8w,zaydante
UCyoW_EfdNy0Z3FudNgeEqdA,http://www.youtube.com/channel/UCyoW_EfdNy0Z3FudNgeEqdA,RoyalPear
UCyz4xQYvL2eWVb8EvfOPvpg,http://www.youtube.com/channel/UCyz4xQYvL2eWVb8EvfOPvpg,"Tyler, the Destroyer "
UCz2C3_Q83pFMy1d3cEg3a8A,http://www.youtube.com/channel/UCz2C3_Q83pFMy1d3cEg3a8A,probablyhades
UCzEnk4KWFlSj_PjXLz0-GMA,http://www.youtube.com/channel/UCzEnk4KWFlSj_PjXLz0-GMA,EmKay
UCzFmb7oOM_tg2b1pfZFzQtQ,http://www.youtube.com/channel/UCzFmb7oOM_tg2b1pfZFzQtQ,Mavs Gaming
UCzTR9iSH-TFC4-ocDS_ll4A,http://www.youtube.com/channel/UCzTR9iSH-TFC4-ocDS_ll4A,Sheet Music Boss
UCz_yk8mDSAnxJq0ar66L4sw,http://www.youtube.com/channel/UCz_yk8mDSAnxJq0ar66L4sw,RobTopGames
UCzaZFz3njZn1FkYdYlonnXA,http://www.youtube.com/channel/UCzaZFz3njZn1FkYdYlonnXA,Little
UCzeVric_Vra1xgQzMQKj_aw,http://www.youtube.com/channel/UCzeVric_Vra1xgQzMQKj_aw,Eddiefrb
UCzfyYtgvkx5mLy8nlLlayYg,http://www.youtube.com/channel/UCzfyYtgvkx5mLy8nlLlayYg,Vivziepop
UCzj25NxFjI5jJM8StIBOvPA,http://www.youtube.com/channel/UCzj25NxFjI5jJM8StIBOvPA,jschlatt
UCzyNtfiuGVAJ5Fo5iHz0jbQ,http://www.youtube.com/channel/UCzyNtfiuGVAJ5Fo5iHz0jbQ,Akfamilyhome
UCzyUqm2SsmCHHlDeFQgYcEA,http://www.youtube.com/channel/UCzyUqm2SsmCHHlDeFQgYcEA,cubykh





